#Annotated with Bakta v1.11.4, https://github.com/oschwengers/bakta
#Database v6.0, https://doi.org/10.5281/zenodo.4247252
#Sequence Id	Start	Stop	Strand	Locus Tag	Mol Weight [kDa]	Iso El. Point	Pfam hits	Dbxrefs
contig_1	20993	21733	-	MJEBLD_00016	27.8	7.8		RefSeq:WP_011164138.1, SO:0001217, UniParc:UPI0000224D24, UniRef:UniRef100_Q6MMG8, UniRef:UniRef50_Q6MMG8, UniRef:UniRef90_Q6MMG8
contig_1	36509	36973	+	MJEBLD_00032	17.2	9.5		RefSeq:WP_050792908.1, SO:0001217, UniParc:UPI0002FAEE7F, UniRef:UniRef100_Q6MMI4, UniRef:UniRef50_K7Z9T0, UniRef:UniRef90_K7Z9T0
contig_1	37845	37967	+	MJEBLD_00034	3.9	11.3		RefSeq:WP_011164120.1, SO:0001217, UniParc:UPI0000224D12, UniRef:UniRef100_Q6MMI6, UniRef:UniRef50_Q6MMI6, UniRef:UniRef90_Q6MMI6
contig_1	47158	47571	+	MJEBLD_00043	15.6	7.0		RefSeq:WP_011164111.1, SO:0001217, UniParc:UPI0000224D09, UniRef:UniRef100_Q6MMJ5, UniRef:UniRef50_Q6MMJ5, UniRef:UniRef90_Q6MMJ5
contig_1	71089	71655	-	MJEBLD_00061	20.6	4.7		RefSeq:WP_011164093.1, SO:0001217, UniParc:UPI0000224CF7, UniRef:UniRef100_Q6MML3, UniRef:UniRef50_Q6MML3, UniRef:UniRef90_Q6MML3
contig_1	71787	72083	-	MJEBLD_00062	11.2	10.9		
contig_1	85465	86985	+	MJEBLD_00074	56.2	9.1		SO:0001217, UniParc:UPI0000224CEA, UniRef:UniRef100_Q6MMM6, UniRef:UniRef50_Q6MMM6, UniRef:UniRef90_Q6MMM6
contig_1	94545	95609	-	MJEBLD_00081	39.4	6.8		RefSeq:WP_231839312.1, SO:0001217, UniParc:UPI001E3E98EC, UniRef:UniRef100_Q6MMN3, UniRef:UniRef50_Q6MMN3, UniRef:UniRef90_Q6MMN3
contig_1	99726	100961	-	MJEBLD_00087	44.4	8.8		RefSeq:WP_011164066.1, SO:0001217, UniParc:UPI0000224CDC, UniRef:UniRef100_Q6MMP0, UniRef:UniRef50_K7Z9M7, UniRef:UniRef90_Q6MMP0
contig_1	106934	107434	+	MJEBLD_00094	18.1	4.8		RefSeq:WP_011164059.1, SO:0001217, UniParc:UPI0000224CD5, UniRef:UniRef100_Q6MMP7, UniRef:UniRef50_K7ZF84, UniRef:UniRef90_K7ZF84
contig_1	129730	130170	-	MJEBLD_00112	16.7	10.1		RefSeq:WP_011164041.1, SO:0001217, UniParc:UPI0000224CC2, UniRef:UniRef100_Q6MMR5, UniRef:UniRef50_Q6MMR5, UniRef:UniRef90_Q6MMR5
contig_1	176275	176619	-	MJEBLD_00154	12.6	4.9		RefSeq:WP_011163999.1, SO:0001217, UniParc:UPI0000224C99, UniRef:UniRef100_Q6MMV6, UniRef:UniRef50_K7YU81, UniRef:UniRef90_Q6MMV6
contig_1	179203	179598	+	MJEBLD_00156	14.6	5.2		RefSeq:WP_011163997.1, SO:0001217, UniParc:UPI0000224C97, UniRef:UniRef100_Q6MMV8, UniRef:UniRef50_K7YWU7, UniRef:UniRef90_K7YWU7
contig_1	219642	219890	+	MJEBLD_00190	9.3	10.0		RefSeq:WP_011163963.1, SO:0001217, UniParc:UPI0000224C75, UniRef:UniRef100_Q6MMZ2, UniRef:UniRef50_Q6MMZ2, UniRef:UniRef90_Q6MMZ2
contig_1	224322	224975	+	MJEBLD_00194	24.8	9.1		RefSeq:WP_011163959.1, SO:0001217, UniParc:UPI0000224C71, UniRef:UniRef100_Q6MMZ6, UniRef:UniRef50_A0A514X1Q8, UniRef:UniRef90_A0A1Z3N9J8
contig_1	252277	255108	+	MJEBLD_00217	106.4	6.0		RefSeq:WP_011163937.1, SO:0001217, UniParc:UPI0000224C5B, UniRef:UniRef100_Q6MN17, UniRef:UniRef50_K7Z9B2, UniRef:UniRef90_Q6MN17
contig_1	261567	261776	+	MJEBLD_00223	8.2	5.2		RefSeq:WP_038448790.1, SO:0001217, UniParc:UPI0003072EC6, UniRef:UniRef100_Q6MN24, UniRef:UniRef50_Q6MN24, UniRef:UniRef90_Q6MN24
contig_1	278154	278423	-	MJEBLD_00243	9.8	5.6		RefSeq:WP_038448761.1, SO:0001217, UniParc:UPI00045BE824, UniRef:UniRef100_UPI00045BE824, UniRef:UniRef50_A0A150WU34, UniRef:UniRef90_A0A1Z3N9M6
contig_1	287604	287885	-	MJEBLD_00252	10.9	5.3		RefSeq:WP_011163899.1, SO:0001217, UniParc:UPI0000224C35, UniRef:UniRef100_Q6MN55, UniRef:UniRef50_Q6MN55, UniRef:UniRef90_Q6MN55
contig_1	288362	288808	-	MJEBLD_00254	16.1	8.6		RefSeq:WP_011163897.1, SO:0001217, UniParc:UPI0000224C33, UniRef:UniRef100_Q6MN57, UniRef:UniRef50_K7Z983, UniRef:UniRef90_Q6MN57
contig_1	303130	303753	+	MJEBLD_00269	22.8	4.7		RefSeq:WP_011163881.1, SO:0001217, UniParc:UPI0000224C23, UniRef:UniRef100_Q6MN73, UniRef:UniRef50_K7YWH6, UniRef:UniRef90_Q6MN73
contig_1	318004	318153	+	MJEBLD_00282	5.3	10.3		RefSeq:WP_011163868.1, SO:0001217, UniParc:UPI0000224C16, UniRef:UniRef100_Q6MN86, UniRef:UniRef50_K7ZF18, UniRef:UniRef90_Q6MN86
contig_1	318303	318539	+	MJEBLD_00283	9.0	5.3		RefSeq:WP_011163867.1, SO:0001217, UniParc:UPI0000224C15, UniRef:UniRef100_Q6MN87, UniRef:UniRef50_K7YMN0, UniRef:UniRef90_Q6MN87
contig_1	322957	323121	+	MJEBLD_00287	5.8	6.0		
contig_1	330107	330709	+	MJEBLD_00296	21.3	5.4		RefSeq:WP_011163855.1, SO:0001217, UniParc:UPI0000224C09, UniRef:UniRef100_Q6MN99, UniRef:UniRef50_Q6MN99, UniRef:UniRef90_Q6MN99
contig_1	334901	335209	+	MJEBLD_00300	11.1	6.7		RefSeq:WP_011163851.1, SO:0001217, UniParc:UPI0000224C05, UniRef:UniRef100_Q6MNA3, UniRef:UniRef50_Q6MNA3, UniRef:UniRef90_Q6MNA3
contig_1	339451	339588	-	MJEBLD_00305	5.1	6.0		SO:0001217, UniRef:UniRef50_K7YML4
contig_1	340332	340847	-	MJEBLD_00307	18.9	9.2		RefSeq:WP_011163845.1, SO:0001217, UniParc:UPI0000224BFF, UniRef:UniRef100_Q6MNA9, UniRef:UniRef50_Q6MNA9, UniRef:UniRef90_Q6MNA9
contig_1	361505	361765	+	MJEBLD_00326	9.7	5.0		RefSeq:WP_011163826.1, SO:0001217, UniParc:UPI0000224BEC, UniRef:UniRef100_Q6MNC8, UniRef:UniRef50_Q6MNC8, UniRef:UniRef90_Q6MNC8
contig_1	361871	362365	+	MJEBLD_00327	17.6	7.6		RefSeq:WP_011163825.1, SO:0001217, UniParc:UPI0000224BEB, UniRef:UniRef100_Q6MNC9, UniRef:UniRef50_Q6MNC9, UniRef:UniRef90_Q6MNC9
contig_1	362699	363307	-	MJEBLD_00329	22.6	5.4		RefSeq:WP_011163823.1, SO:0001217, UniParc:UPI0000224BE9, UniRef:UniRef100_Q6MND1, UniRef:UniRef50_Q6MND1, UniRef:UniRef90_Q6MND1
contig_1	364689	365099	+	MJEBLD_00332	15.6	8.0		RefSeq:WP_011163820.1, SO:0001217, UniParc:UPI0000224BE6, UniRef:UniRef100_Q6MND4, UniRef:UniRef50_K7Z934, UniRef:UniRef90_K7Z934
contig_1	375886	378285	-	MJEBLD_00344	88.5	8.8		SO:0001217, UniRef:UniRef50_A0A161PQD7, UniRef:UniRef90_Q6MNE6
contig_1	402479	403051	+	MJEBLD_00369	21.4	7.7		RefSeq:WP_038451230.1, SO:0001217, UniParc:UPI000305A2FA, UniRef:UniRef100_Q6MNH3, UniRef:UniRef50_K7ZEZ0, UniRef:UniRef90_K7ZEZ0
contig_1	403117	403686	+	MJEBLD_00370	20.4	8.9		RefSeq:WP_041583494.1, SO:0001217, UniParc:UPI00030710C7, UniRef:UniRef100_Q6MNH4, UniRef:UniRef50_Q6MNH4, UniRef:UniRef90_Q6MNH4
contig_1	410960	411400	+	MJEBLD_00377	15.6	6.6		RefSeq:WP_011163772.1, SO:0001217, UniParc:UPI0000224BB6, UniRef:UniRef100_Q6MNI1, UniRef:UniRef50_Q6MNI1, UniRef:UniRef90_Q6MNI1
contig_1	413569	413886	+	MJEBLD_00380	12.3	5.6		RefSeq:WP_011163769.1, SO:0001217, UniParc:UPI0000224BB3, UniRef:UniRef100_Q6MNI4, UniRef:UniRef50_Q6MNI4, UniRef:UniRef90_Q6MNI4
contig_1	414109	414420	+	MJEBLD_00381	11.9	6.7		RefSeq:WP_041583704.1, SO:0001217, UniParc:UPI000303E21B, UniRef:UniRef100_UPI000303E21B, UniRef:UniRef50_A0A150WUE1, UniRef:UniRef90_UPI000B04621F
contig_1	430749	431204	+	MJEBLD_00397	16.9	5.5		RefSeq:WP_011163751.1, SO:0001217, UniParc:UPI0000224BA1, UniRef:UniRef100_Q6MNK2, UniRef:UniRef50_K7YTJ7, UniRef:UniRef90_Q6MNK2
contig_1	436883	437050	+	MJEBLD_00400	6.8	9.8		
contig_1	463803	464156	+	MJEBLD_00426	13.2	6.8		RefSeq:WP_011163723.1, SO:0001217, UniParc:UPI0000224B85, UniRef:UniRef100_Q6MNN0, UniRef:UniRef50_Q6MNN0, UniRef:UniRef90_Q6MNN0
contig_1	477004	477417	-	MJEBLD_00441	16.1	9.1		SO:0001217, UniRef:UniRef50_K7YM66, UniRef:UniRef90_K7YM66
contig_1	490815	491828	-	MJEBLD_00454	37.5	6.2		RefSeq:WP_231839292.1, SO:0001217, UniParc:UPI0002D545F4, UniRef:UniRef100_Q6MNQ7, UniRef:UniRef50_K7YM53, UniRef:UniRef90_Q6MNQ7
contig_1	500647	501087	-	MJEBLD_00461	15.7	4.8		RefSeq:WP_011163689.1, SO:0001217, UniParc:UPI0000224B63, UniRef:UniRef100_Q6MNR4, UniRef:UniRef50_Q6MNR4, UniRef:UniRef90_Q6MNR4
contig_1	511763	512464	-	MJEBLD_00472	25.6	4.9		SO:0001217, UniParc:UPI0000224B57, UniRef:UniRef100_Q6MNS6, UniRef:UniRef50_K7YVX4, UniRef:UniRef90_K7YVX4
contig_1	512470	514155	-	MJEBLD_00473	59.5	9.2		RefSeq:WP_011163676.1, SO:0001217, UniParc:UPI0000224B56, UniRef:UniRef100_Q6MNS7, UniRef:UniRef50_Q6MNS7, UniRef:UniRef90_Q6MNS7
contig_1	524183	524302	+	MJEBLD_00481	4.4	9.3		
contig_1	527823	528326	+	MJEBLD_00484	18.3	4.9		RefSeq:WP_011163665.1, SO:0001217, UniParc:UPI0000224B4B, UniRef:UniRef100_Q6MNT8, UniRef:UniRef50_K7Z8Q2, UniRef:UniRef90_Q6MNT8
contig_1	535693	536133	+	MJEBLD_00490	16.5	5.8		RefSeq:WP_231839287.1, SO:0001217, UniParc:UPI0002DF9A51, UniRef:UniRef100_Q6MNU4, UniRef:UniRef50_Q6MNU4, UniRef:UniRef90_Q6MNU4
contig_1	549504	551285	+	MJEBLD_00497	68.0	9.1		RefSeq:WP_231839285.1, SO:0001217, UniParc:UPI001E621F62, UniRef:UniRef100_Q6MNV1, UniRef:UniRef50_K7YLU3, UniRef:UniRef90_Q6MNV1
contig_1	551282	551602	-	MJEBLD_00498	11.3	4.6		RefSeq:WP_011163651.1, SO:0001217, UniParc:UPI0000224B3D, UniRef:UniRef100_Q6MNV2, UniRef:UniRef50_K7YVP1, UniRef:UniRef90_Q6MNV2
contig_1	567705	567920	-	MJEBLD_00511	7.8	9.2		RefSeq:WP_011163638.1, SO:0001217, UniParc:UPI0000224B30, UniRef:UniRef100_Q6MNW5, UniRef:UniRef50_Q6MNW5, UniRef:UniRef90_Q6MNW5
contig_1	568234	568518	+	MJEBLD_00512	10.4	6.6		RefSeq:WP_011163637.1, SO:0001217, UniParc:UPI0000224B2F, UniRef:UniRef100_Q6MNW6, UniRef:UniRef50_Q6MNW6, UniRef:UniRef90_Q6MNW6
contig_1	574863	575480	-	MJEBLD_00519	22.6	5.9		RefSeq:WP_011163630.1, SO:0001217, UniParc:UPI0000224B28, UniRef:UniRef100_Q6MNX2, UniRef:UniRef50_K7YVM0, UniRef:UniRef90_K7YVM0
contig_1	585406	585795	-	MJEBLD_00532	14.5	8.7		RefSeq:WP_011163617.1, SO:0001217, UniParc:UPI0000224B1B, UniRef:UniRef100_Q6MNY4, UniRef:UniRef50_Q6MNY4, UniRef:UniRef90_Q6MNY4
contig_1	585795	586787	-	MJEBLD_00533	37.1	8.5		RefSeq:WP_011163616.1, SO:0001217, UniParc:UPI0000224B1A, UniRef:UniRef100_Q6MNY5, UniRef:UniRef50_K7Z8G2, UniRef:UniRef90_K7Z8G2
contig_1	586868	587299	-	MJEBLD_00534	15.8	5.9		RefSeq:WP_157865651.1, SO:0001217, UniParc:UPI0002ED330E, UniRef:UniRef100_Q6MNY6, UniRef:UniRef50_K7YSW1, UniRef:UniRef90_K7YSW1
contig_1	587418	587939	+	MJEBLD_00535	20.2	8.0		SO:0001217, UniRef:UniRef50_A0A162G2D2, UniRef:UniRef90_Q6MNY7
contig_1	587947	588315	-	MJEBLD_00536	14.5	5.2		RefSeq:WP_011163613.1, SO:0001217, UniParc:UPI0000224B17, UniRef:UniRef100_Q6MNY8, UniRef:UniRef50_A0A952TTK7, UniRef:UniRef90_Q6MNY8
contig_1	599848	600231	-	MJEBLD_00547	14.7	9.3		RefSeq:WP_011163602.1, SO:0001217, UniParc:UPI0000224B0C, UniRef:UniRef100_Q6MNZ9, UniRef:UniRef50_K7YSU9, UniRef:UniRef90_Q6MNZ9
contig_1	600373	600558	-	MJEBLD_00548	7.1	5.5		RefSeq:WP_011163601.1, SO:0001217, UniParc:UPI0000224B0B, UniRef:UniRef100_Q6MP00, UniRef:UniRef50_Q6MP00, UniRef:UniRef90_Q6MP00
contig_1	601989	602396	-	MJEBLD_00551	15.1	5.0		RefSeq:WP_011163598.1, SO:0001217, UniParc:UPI0000224B08, UniRef:UniRef100_Q6MP03, UniRef:UniRef50_Q6MP03, UniRef:UniRef90_Q6MP03
contig_1	615948	616199	-	MJEBLD_00564	9.5	5.4		SO:0001217, UniRef:UniRef50_UPI0035B52A1C
contig_1	632264	633427	-	MJEBLD_00579	42.3	9.4		RefSeq:WP_038451015.1, SO:0001217, UniParc:UPI0002DA3C3F, UniRef:UniRef100_Q6MP29, UniRef:UniRef50_K7ZEN5, UniRef:UniRef90_K7ZEN5
contig_1	673825	674112	+	MJEBLD_00617	10.9	7.6		RefSeq:WP_011163533.1, SO:0001217, UniParc:UPI0000224AC7, UniRef:UniRef100_Q6MP67, UniRef:UniRef50_K7YSN2, UniRef:UniRef90_K7YSN2
contig_1	680795	681376	+	MJEBLD_00623	21.1	5.3		RefSeq:WP_011163527.1, SO:0001217, UniParc:UPI0000224AC1, UniRef:UniRef100_Q6MP73, UniRef:UniRef50_K7YLI8, UniRef:UniRef90_K7YLI8
contig_1	701793	702692	-	MJEBLD_00643	34.5	6.2		RefSeq:WP_011163505.1, SO:0001217, UniParc:UPI0000224AAB, UniRef:UniRef100_Q6MP95, UniRef:UniRef50_A0A2H0WCF6, UniRef:UniRef90_Q6MP95
contig_1	712207	713568	+	MJEBLD_00651	50.4	9.0		RefSeq:WP_011163497.1, SO:0001217, UniParc:UPI0000224AA3, UniRef:UniRef100_Q6MPA3, UniRef:UniRef50_K7Z872, UniRef:UniRef90_K7Z872
contig_1	716456	717073	-	MJEBLD_00655	22.0	10.1		RefSeq:WP_011163493.1, SO:0001217, UniParc:UPI0000224A9F, UniRef:UniRef100_Q6MPA7, UniRef:UniRef50_A0A150WEP8, UniRef:UniRef90_Q6MPA7
contig_1	722478	722735	-	MJEBLD_00662	9.5	5.0		RefSeq:WP_011163486.1, SO:0001217, UniParc:UPI0000224A98, UniRef:UniRef100_Q6MPB4, UniRef:UniRef50_A0A514WUY5, UniRef:UniRef90_Q6MPB4
contig_1	723717	724070	-	MJEBLD_00664	13.1	8.4		RefSeq:WP_011163484.1, SO:0001217, UniParc:UPI0000224A96, UniRef:UniRef100_Q6MPB6, UniRef:UniRef50_K7YLE7, UniRef:UniRef90_K7YLE7
contig_1	725905	726111	+	MJEBLD_00669	8.1	9.0		RefSeq:WP_011163480.1, SO:0001217, UniParc:UPI0000224A92, UniRef:UniRef100_Q6MPC0, UniRef:UniRef50_K7ZEL0, UniRef:UniRef90_K7ZEL0
contig_1	726108	726770	-	MJEBLD_00670	24.7	5.7		RefSeq:WP_011163479.1, SO:0001217, UniParc:UPI0000224A91, UniRef:UniRef100_Q6MPC1, UniRef:UniRef50_Q6MPC1, UniRef:UniRef90_Q6MPC1
contig_1	727058	727249	+	MJEBLD_00672	7.0	4.2		RefSeq:WP_048349704.1, SO:0001217, UniParc:UPI00031848F9, UniRef:UniRef100_Q6MPC2, UniRef:UniRef50_K7YV72, UniRef:UniRef90_Q6MPC2
contig_1	728093	728212	-	MJEBLD_00674	4.4	9.0		
contig_1	748295	750799	+	MJEBLD_00693	92.5	7.0		RefSeq:WP_041583468.1, SO:0001217, UniParc:UPI0005A15508, UniRef:UniRef100_Q6MPE2, UniRef:UniRef50_Q6MPE2, UniRef:UniRef90_Q6MPE2
contig_1	758792	759079	+	MJEBLD_00704	10.5	5.7		SO:0001217, UniRef:UniRef50_UPI0035A723F8
contig_1	769047	769352	-	MJEBLD_00715	11.1	7.8		RefSeq:WP_011163437.1, SO:0001217, UniParc:UPI0000224A67, UniRef:UniRef100_Q6MPG3, UniRef:UniRef50_Q6MPG3, UniRef:UniRef90_Q6MPG3
contig_1	782161	782469	-	MJEBLD_00724	11.7	4.9		RefSeq:WP_011163428.1, SO:0001217, UniParc:UPI0000224A5E, UniRef:UniRef100_Q6MPH2, UniRef:UniRef50_A0A1Z3NAX8, UniRef:UniRef90_A0A1Z3NAX8
contig_1	788630	789184	+	MJEBLD_00731	20.1	4.9		RefSeq:WP_175575988.1, SO:0001217, UniParc:UPI0002D962D7, UniRef:UniRef100_Q6MPI0, UniRef:UniRef50_Q6MPI0, UniRef:UniRef90_Q6MPI0
contig_1	798690	798929	-	MJEBLD_00741	8.4	7.8		RefSeq:WP_041583463.1, SO:0001217, UniParc:UPI0005A1A00C, UniRef:UniRef100_UPI0005A1A00C, UniRef:UniRef50_A0A1Z3NAZ0, UniRef:UniRef90_A0A1Z3NAZ0
contig_1	852952	853194	-	MJEBLD_00794	9.4	8.6		
contig_1	869487	870512	-	MJEBLD_00813	39.0	5.2		RefSeq:WP_011163346.1, SO:0001217, UniParc:UPI0000224A0C, UniRef:UniRef100_Q6MPQ3, UniRef:UniRef50_M4V904, UniRef:UniRef90_K7YUX0
contig_1	872690	873280	-	MJEBLD_00817	21.8	6.0		SO:0001217, UniRef:UniRef50_Q6MPQ7, UniRef:UniRef90_Q6MPQ7
contig_1	876140	876604	-	MJEBLD_00822	17.4	9.3		RefSeq:WP_011163337.1, SO:0001217, UniParc:UPI0000224A03, UniRef:UniRef100_Q6MPR2, UniRef:UniRef50_Q6MPR2, UniRef:UniRef90_Q6MPR2
contig_1	903096	904667	+	MJEBLD_00850	58.1	5.1		RefSeq:WP_011163308.1, SO:0001217, UniParc:UPI00002249E6, UniRef:UniRef100_Q6MPU1, UniRef:UniRef50_K7ZEF8, UniRef:UniRef90_K7ZEF8
contig_1	905512	906702	+	MJEBLD_00852	44.9	8.7		RefSeq:WP_367143688.1, SO:0001217, UniParc:UPI00269AE743, UniRef:UniRef100_UPI00269AE743, UniRef:UniRef50_K7YUT4, UniRef:UniRef90_K7YUT4
contig_1	906693	907094	+	MJEBLD_00853	15.0	5.0		RefSeq:WP_231839272.1, SO:0001217, UniParc:UPI0002DF6032, UniRef:UniRef100_UPI0002DF6032, UniRef:UniRef50_K7Z7U9, UniRef:UniRef90_K7Z7U9
contig_1	914179	914331	-	MJEBLD_00861	5.9	10.3		RefSeq:WP_011163297.1, SO:0001217, UniParc:UPI00002249DB, UniRef:UniRef100_Q6MPV2, UniRef:UniRef50_Q6MPV2, UniRef:UniRef90_Q6MPV2
contig_1	932788	933039	-	MJEBLD_00873	9.2	4.7		RefSeq:WP_011163285.1, SO:0001217, UniParc:UPI00002249CF, UniRef:UniRef100_Q6MPW4, UniRef:UniRef50_Q6MPW4, UniRef:UniRef90_Q6MPW4
contig_1	934039	934884	+	MJEBLD_00875	31.3	5.9		RefSeq:WP_011163283.1, SO:0001217, UniParc:UPI00002249CD, UniRef:UniRef100_Q6MPW6, UniRef:UniRef50_K7YKY1, UniRef:UniRef90_K7YKY1
contig_1	945390	945674	-	MJEBLD_00887	10.8	5.7		RefSeq:WP_011163271.1, SO:0001217, UniParc:UPI00002249C1, UniRef:UniRef100_Q6MPX8, UniRef:UniRef50_Q6MPX8, UniRef:UniRef90_Q6MPX8
contig_1	962031	962270	-	MJEBLD_00896	8.6	5.0		RefSeq:WP_041583456.1, SO:0001217, UniParc:UPI0002E4C221, UniRef:UniRef100_Q6MPY7, UniRef:UniRef50_Q6MPY7, UniRef:UniRef90_Q6MPY7
contig_1	966374	966706	+	MJEBLD_00901	12.3	5.3		RefSeq:WP_011163257.1, SO:0001217, UniParc:UPI00002249B3, UniRef:UniRef100_Q6MPZ2, UniRef:UniRef50_Q6MPZ2, UniRef:UniRef90_Q6MPZ2
contig_1	968673	969452	+	MJEBLD_00903	29.4	9.0		RefSeq:WP_011163255.1, SO:0001217, UniParc:UPI00002249B1, UniRef:UniRef100_Q6MPZ4, UniRef:UniRef50_K7YUN7, UniRef:UniRef90_K7YUN7
contig_1	984747	985136	+	MJEBLD_00917	13.9	7.6		RefSeq:WP_011163242.1, SO:0001217, UniParc:UPI00002249A4, UniRef:UniRef100_Q6MQ07, UniRef:UniRef50_Q6MQ07, UniRef:UniRef90_Q6MQ07
contig_1	985187	985471	+	MJEBLD_00918	9.9	4.3		RefSeq:WP_011163241.1, SO:0001217, UniParc:UPI00002249A3, UniRef:UniRef100_Q6MQ08, UniRef:UniRef50_Q6MQ08, UniRef:UniRef90_Q6MQ08
contig_1	985493	986026	+	MJEBLD_00919	19.6	6.2		RefSeq:WP_011163240.1, SO:0001217, UniParc:UPI00002249A2, UniRef:UniRef100_Q6MQ09, UniRef:UniRef50_Q6MQ09, UniRef:UniRef90_Q6MQ09
contig_1	989056	989526	-	MJEBLD_00922	16.9	5.5		RefSeq:WP_157865640.1, SO:0001217, UniParc:UPI00030DAB02, UniRef:UniRef100_Q6MQ12, UniRef:UniRef50_Q6MQ12, UniRef:UniRef90_Q6MQ12
contig_1	994499	994999	+	MJEBLD_00926	18.5	4.2		RefSeq:WP_011163232.1, SO:0001217, UniParc:UPI000022499A, UniRef:UniRef100_Q6MQ17, UniRef:UniRef50_Q6MQ17, UniRef:UniRef90_Q6MQ17
contig_1	995140	995478	+	MJEBLD_00927	12.0	5.0		RefSeq:WP_011163231.1, SO:0001217, UniParc:UPI0000224999, UniRef:UniRef100_Q6MQ18, UniRef:UniRef50_Q6MQ18, UniRef:UniRef90_Q6MQ18
contig_1	1002408	1002971	-	MJEBLD_00934	21.0	4.9		RefSeq:WP_011163223.1, SO:0001217, UniParc:UPI0000224991, UniRef:UniRef100_Q6MQ26, UniRef:UniRef50_K7Z7N2, UniRef:UniRef90_K7Z7N2
contig_1	1004214	1004456	-	MJEBLD_00936	9.1	8.2		RefSeq:WP_011163221.1, SO:0001217, UniParc:UPI000022498F, UniRef:UniRef100_Q6MQ28, UniRef:UniRef50_K7ZEC2, UniRef:UniRef90_K7ZEC2
contig_1	1013153	1013548	+	MJEBLD_00946	14.4	8.4		RefSeq:WP_011163211.1, SO:0001217, UniParc:UPI0000224985, UniRef:UniRef100_Q6MQ38, UniRef:UniRef50_Q6MQ38, UniRef:UniRef90_Q6MQ38
contig_1	1015816	1016118	+	MJEBLD_00949	11.5	8.6		RefSeq:WP_038451423.1, SO:0001217, UniParc:UPI0002F6F0BC, UniRef:UniRef100_Q6MQ41, UniRef:UniRef50_Q6MQ41, UniRef:UniRef90_Q6MQ41
contig_1	1017702	1018514	-	MJEBLD_00952	31.8	9.1		RefSeq:WP_367143676.1, SO:0001217, UniParc:UPI0026BEF5B5, UniRef:UniRef100_Q6MQ44, UniRef:UniRef50_Q6MQ44, UniRef:UniRef90_Q6MQ44
contig_1	1019284	1019547	-	MJEBLD_00954	9.7	10.2		SO:0001217, UniRef:UniRef50_A0A1Z3NBJ3, UniRef:UniRef90_A0A1Z3NBJ3
contig_1	1036854	1037537	-	MJEBLD_00974	26.0	4.9		RefSeq:WP_011163185.1, SO:0001217, UniParc:UPI000022496B, UniRef:UniRef100_Q6MQ64, UniRef:UniRef50_A0A150WSC6, UniRef:UniRef90_K7ZEA7
contig_1	1051458	1051652	-	MJEBLD_00986	7.6	9.4		
contig_1	1051914	1052102	+	MJEBLD_00987	7.3	5.5		
contig_1	1087499	1089292	+	MJEBLD_01021	63.3	5.2		RefSeq:WP_011163139.1, SO:0001217, UniParc:UPI000022493D, UniRef:UniRef100_Q6MQB0, UniRef:UniRef50_A0A150WIB3, UniRef:UniRef90_K7ZE88
contig_1	1091067	1092755	+	MJEBLD_01023	62.1	8.3		RefSeq:WP_041583446.1, SO:0001217, UniParc:UPI0005A227D3, UniRef:UniRef100_Q6MQB2, UniRef:UniRef50_K7YUC2, UniRef:UniRef90_Q6MQB2
contig_1	1095837	1097006	-	MJEBLD_01027	43.2	9.4		RefSeq:WP_226987976.1, SO:0001217, UniParc:UPI001D051867, UniRef:UniRef100_Q6MQB6, UniRef:UniRef50_K7YKI5, UniRef:UniRef90_K7YKI5
contig_1	1101513	1102172	-	MJEBLD_01034	25.0	5.4		RefSeq:WP_011163126.1, SO:0001217, UniParc:UPI0000224930, UniRef:UniRef100_Q6MQC3, UniRef:UniRef50_K7Z7F2, UniRef:UniRef90_K7Z7F2
contig_1	1122664	1124043	-	MJEBLD_01056	45.4	5.1		SO:0001217, UniRef:UniRef50_Q6MQE4, UniRef:UniRef90_Q6MQE4
contig_1	1124108	1125469	-	MJEBLD_01057	44.9	4.9		SO:0001217, UniRef:UniRef50_Q6MQE7, UniRef:UniRef90_Q6MQE6
contig_1	1125535	1127076	-	MJEBLD_01058	51.9	5.3		RefSeq:WP_041583444.1, SO:0001217, UniParc:UPI00059FA82B, UniRef:UniRef100_Q6MQE7, UniRef:UniRef50_Q6MQE7, UniRef:UniRef90_Q6MQE7
contig_1	1130187	1130615	+	MJEBLD_01061	15.1	4.8		RefSeq:WP_038450859.1, SO:0001217, UniParc:UPI0002FE4DE8, UniRef:UniRef100_Q6MQF0, UniRef:UniRef50_K7ZE72, UniRef:UniRef90_K7ZE72
contig_1	1133507	1133623	+	MJEBLD_01066	4.5	9.9		
contig_1	1135869	1136228	-	MJEBLD_01069	12.8	7.9		
contig_1	1149828	1151672	-	MJEBLD_01081	68.4	5.3		RefSeq:WP_011163079.1, SO:0001217, UniParc:UPI0000224901, UniRef:UniRef100_Q6MQH0, UniRef:UniRef50_Q6MQH0, UniRef:UniRef90_Q6MQH0
contig_1	1155952	1157031	-	MJEBLD_01088	39.1	9.4		RefSeq:WP_011163072.1, SO:0001217, UniParc:UPI00002248FA, UniRef:UniRef100_Q6MQH7, UniRef:UniRef50_K7YKE4, UniRef:UniRef90_K7YKE4
contig_1	1158195	1158449	+	MJEBLD_01090	9.6	6.0		RefSeq:WP_011163070.1, SO:0001217, UniParc:UPI00002248F8, UniRef:UniRef100_Q6MQH9, UniRef:UniRef50_Q6MQH9, UniRef:UniRef90_Q6MQH9
contig_1	1159682	1160986	-	MJEBLD_01092	47.0	5.0		RefSeq:WP_157865764.1, SO:0001217, UniParc:UPI0002FC0B1C, UniRef:UniRef100_Q6MQI1, UniRef:UniRef50_A0A150WT39, UniRef:UniRef90_Q6MQI1
contig_1	1163873	1164421	-	MJEBLD_01096	19.8	5.9		SO:0001217, UniRef:UniRef50_K7YRF7, UniRef:UniRef90_K7YRF7
contig_1	1186820	1187386	-	MJEBLD_01119	24.2	6.0		SO:0001217, UniParc:UPI00002248DA, UniRef:UniRef100_Q6MQK9, UniRef:UniRef50_K7YU46, UniRef:UniRef90_Q6MQK9
contig_1	1188729	1189208	-	MJEBLD_01122	17.8	5.1		RefSeq:WP_011163037.1, SO:0001217, UniParc:UPI00002248D7, UniRef:UniRef100_Q6MQL2, UniRef:UniRef50_Q6MQL2, UniRef:UniRef90_Q6MQL2
contig_1	1191216	1191611	+	MJEBLD_01125	14.9	4.2		RefSeq:WP_038450791.1, SO:0001217, UniParc:UPI0003142585, UniRef:UniRef100_Q6MQL5, UniRef:UniRef50_K7Z788, UniRef:UniRef90_K7Z788
contig_1	1205246	1205833	+	MJEBLD_01139	21.1	7.8		RefSeq:WP_011163020.1, SO:0001217, UniParc:UPI00002248C6, UniRef:UniRef100_Q6MQM9, UniRef:UniRef50_K7Z778, UniRef:UniRef90_K7Z778
contig_1	1206025	1206525	+	MJEBLD_01140	19.1	5.4		RefSeq:WP_011163019.1, SO:0001217, UniParc:UPI00002248C5, UniRef:UniRef100_Q6MQN0, UniRef:UniRef50_K7YRC5, UniRef:UniRef90_K7YRC5
contig_1	1207619	1207798	+	MJEBLD_01142	6.2	10.3		RefSeq:WP_038450752.1, SO:0001217, UniParc:UPI0002FDAD1F, UniRef:UniRef100_UPI0002FDAD1F, UniRef:UniRef50_A0A1Z3NBZ3, UniRef:UniRef90_A0A1Z3NBZ3
contig_1	1223950	1224690	+	MJEBLD_01156	26.8	9.1		RefSeq:WP_011163003.1, SO:0001217, UniParc:UPI00002248B5, UniRef:UniRef100_Q6MQP6, UniRef:UniRef50_Q6MQP6, UniRef:UniRef90_Q6MQP6
contig_1	1232197	1232574	-	MJEBLD_01163	14.5	9.5		RefSeq:WP_011162995.1, SO:0001217, UniParc:UPI00002248AD, UniRef:UniRef100_Q6MQQ4, UniRef:UniRef50_K7YU08, UniRef:UniRef90_Q6MQQ4
contig_1	1235470	1237647	+	MJEBLD_01167	77.7	8.7		RefSeq:WP_011162990.1, SO:0001217, UniParc:UPI00002248A8, UniRef:UniRef100_Q6MQQ9, UniRef:UniRef50_A0A1Z3NC42, UniRef:UniRef90_A0A1Z3NC42
contig_1	1237707	1238303	-	MJEBLD_01168	21.3	6.2		RefSeq:WP_011162989.1, SO:0001217, UniParc:UPI00002248A7, UniRef:UniRef100_Q6MQR0, UniRef:UniRef50_K7Z758, UniRef:UniRef90_K7Z758
contig_1	1248612	1249031	+	MJEBLD_01177	15.9	5.0		RefSeq:WP_011162979.1, SO:0001217, UniParc:UPI000022489D, UniRef:UniRef100_Q6MQS0, UniRef:UniRef50_K7YTZ6, UniRef:UniRef90_K7YTZ6
contig_1	1257336	1258427	-	MJEBLD_01185	40.1	6.2		RefSeq:WP_011162971.1, SO:0001217, UniParc:UPI0000224895, UniRef:UniRef100_Q6MQS8, UniRef:UniRef50_K7ZE22, UniRef:UniRef90_Q6MQS8
contig_1	1276594	1277187	-	MJEBLD_01203	21.9	8.9		RefSeq:WP_011162953.1, SO:0001217, UniParc:UPI0000224883, UniRef:UniRef100_Q6MQU6, UniRef:UniRef50_A0A1Z3NC61, UniRef:UniRef90_A0A1Z3NC61
contig_1	1282655	1282804	-	MJEBLD_01209	5.6	10.2		SO:0001217, UniRef:UniRef50_K7YTX1, UniRef:UniRef90_K7YTX1
contig_1	1283105	1283212	+	MJEBLD_01210	3.8	9.7		
contig_1	1286156	1286674	+	MJEBLD_01214	19.8	5.9		RefSeq:WP_144313896.1, SO:0001217, UniParc:UPI0002E396FC, UniRef:UniRef100_Q6MQV8, UniRef:UniRef50_Q6MQV8, UniRef:UniRef90_Q6MQV8
contig_1	1298229	1298426	-	MJEBLD_01227	7.8	9.6		
contig_1	1300889	1301392	+	MJEBLD_01230	19.4	6.1		RefSeq:WP_011162927.1, SO:0001217, UniParc:UPI0000224869, UniRef:UniRef100_Q6MQX2, UniRef:UniRef50_K7YTV3, UniRef:UniRef90_K7YTV3
contig_1	1335311	1335433	+	MJEBLD_01265	4.5	10.0		RefSeq:WP_015089486.1, SO:0001217, UniParc:UPI00029D3627, UniRef:UniRef100_K7YTS9, UniRef:UniRef50_K7YTS9, UniRef:UniRef90_K7YTS9
contig_1	1350518	1351042	+	MJEBLD_01283	19.9	6.3		RefSeq:WP_011162876.1, SO:0001217, UniParc:UPI0000224836, UniRef:UniRef100_Q6MR23, UniRef:UniRef50_K7ZDZ3, UniRef:UniRef90_Q6MR23
contig_1	1351767	1352459	+	MJEBLD_01285	25.4	5.5		RefSeq:WP_011162874.1, SO:0001217, UniParc:UPI0000224834, UniRef:UniRef100_Q6MR25, UniRef:UniRef50_K7YTR4, UniRef:UniRef90_K7YTR4
contig_1	1352994	1353593	-	MJEBLD_01287	22.1	8.9		RefSeq:WP_011162872.1, SO:0001217, UniParc:UPI0000224832, UniRef:UniRef100_Q6MR27, UniRef:UniRef50_A0A514WS22, UniRef:UniRef90_K7YR12
contig_1	1368521	1369393	-	MJEBLD_01303	33.5	4.9		RefSeq:WP_231839236.1, SO:0001217, UniParc:UPI0003030D49, UniRef:UniRef100_Q6MR43, UniRef:UniRef50_K7YR03, UniRef:UniRef90_Q6MR43
contig_1	1375542	1379012	-	MJEBLD_01308	131.6	8.8		RefSeq:WP_011162851.1, SO:0001217, UniParc:UPI000022481D, UniRef:UniRef100_Q6MR48, UniRef:UniRef50_Q6MR48, UniRef:UniRef90_Q6MR48
contig_1	1384529	1384885	-	MJEBLD_01316	12.6	5.7		RefSeq:WP_011162843.1, SO:0001217, UniParc:UPI0000224815, UniRef:UniRef100_Q6MR56, UniRef:UniRef50_Q6MR56, UniRef:UniRef90_Q6MR56
contig_1	1405857	1406321	-	MJEBLD_01337	16.6	8.3		RefSeq:WP_011162823.1, SO:0001217, UniParc:UPI0000224801, UniRef:UniRef100_Q6MR76, UniRef:UniRef50_Q6MR76, UniRef:UniRef90_Q6MR76
contig_1	1437285	1437950	-	MJEBLD_01364	25.8	5.8		RefSeq:WP_011162798.1, SO:0001217, UniParc:UPI00002247E8, UniRef:UniRef100_Q6MRA1, UniRef:UniRef50_K7ZDV7, UniRef:UniRef90_K7ZDV7
contig_1	1452267	1455032	+	MJEBLD_01380	103.0	8.9		RefSeq:WP_011162782.1, SO:0001217, UniParc:UPI00002247D8, UniRef:UniRef100_Q6MRB7, UniRef:UniRef50_A0A514WSM1, UniRef:UniRef90_Q6MRB7
contig_1	1478495	1479448	-	MJEBLD_01400	31.9	5.6		RefSeq:WP_157865749.1, SO:0001217, UniParc:UPI0002FB51CE, UniRef:UniRef100_Q6MRD7, UniRef:UniRef50_Q6MRD7, UniRef:UniRef90_Q6MRD7
contig_1	1479514	1480974	-	MJEBLD_01401	48.8	6.7		SO:0001217, UniParc:UPI00002247C3, UniRef:UniRef100_Q6MRD8, UniRef:UniRef50_K7Z6L5, UniRef:UniRef90_Q6MRD8
contig_1	1508431	1508739	+	MJEBLD_01428	11.0	9.2		RefSeq:WP_011162734.1, SO:0001217, UniParc:UPI00002247A8, UniRef:UniRef100_Q6MRG5, UniRef:UniRef50_A0A514XNG0, UniRef:UniRef90_Q6MRG5
contig_1	1518852	1519112	-	MJEBLD_01441	9.2	9.0		RefSeq:WP_011162722.1, SO:0001217, UniParc:UPI000022479D, UniRef:UniRef100_Q6MRH7, UniRef:UniRef50_A0A150WR23, UniRef:UniRef90_K7Z6H2
contig_1	1525304	1526416	-	MJEBLD_01448	41.4	6.2		RefSeq:WP_011162715.1, SO:0001217, UniParc:UPI0000224796, UniRef:UniRef100_Q6MRI4, UniRef:UniRef50_K7ZDS6, UniRef:UniRef90_K7ZDS6
contig_1	1526655	1527110	-	MJEBLD_01450	16.2	5.9		RefSeq:WP_011162714.1, SO:0001217, UniParc:UPI0000224795, UniRef:UniRef100_Q6MRI5, UniRef:UniRef50_A0A161PF34, UniRef:UniRef90_K7YJG5
contig_1	1530963	1531391	-	MJEBLD_01458	15.7	7.7		RefSeq:WP_011162708.1, SO:0001217, UniParc:UPI000022478F, UniRef:UniRef100_Q6MRJ1, UniRef:UniRef50_Q6MRJ1, UniRef:UniRef90_Q6MRJ1
contig_1	1536470	1538527	+	MJEBLD_01464	71.6	8.6		RefSeq:WP_011162702.1, SO:0001217, UniParc:UPI0000224789, UniRef:UniRef100_Q6MRJ7, UniRef:UniRef50_Q6MRJ7, UniRef:UniRef90_Q6MRJ7
contig_1	1543593	1543901	-	MJEBLD_01470	11.0	9.0		RefSeq:WP_011162697.1, SO:0001217, UniParc:UPI0000224784, UniRef:UniRef100_Q6MRK2, UniRef:UniRef50_Q6MRK2, UniRef:UniRef90_Q6MRK2
contig_1	1582735	1582938	+	MJEBLD_01508	7.4	4.4		RefSeq:WP_011162659.1, SO:0001217, UniParc:UPI000022475E, UniRef:UniRef100_Q6MRN9, UniRef:UniRef50_K7ZDQ6, UniRef:UniRef90_K7ZDQ6
contig_1	1589548	1589799	-	MJEBLD_01516	9.2	9.5		RefSeq:WP_011162650.1, SO:0001217, UniParc:UPI0000224755, UniRef:UniRef100_Q6MRP8, UniRef:UniRef50_M4V731, UniRef:UniRef90_K7Z6A7
contig_1	1615610	1615861	-	MJEBLD_01542	9.5	9.6		
contig_1	1659129	1659386	-	MJEBLD_01579	9.4	4.6	PF01258.23|zf-dskA_traR	PFAM:PF01258.23
contig_1	1682554	1684155	+	MJEBLD_01602	57.6	9.3		RefSeq:WP_144313886.1, SO:0001217, UniParc:UPI0002DF57C9, UniRef:UniRef100_Q6MGS2, UniRef:UniRef50_K7YU12, UniRef:UniRef90_K7YU12
contig_1	1703166	1703465	-	MJEBLD_01625	11.3	6.0		RefSeq:WP_011166127.1, SO:0001217, UniParc:UPI00002254E7, UniRef:UniRef100_Q6MGU5, UniRef:UniRef50_K7ZCN9, UniRef:UniRef90_K7ZCN9
contig_1	1704464	1705264	-	MJEBLD_01627	30.1	7.7		RefSeq:WP_231839222.1, SO:0001217, UniParc:UPI0002EB7FF9, UniRef:UniRef100_Q6MGU7, UniRef:UniRef50_Q6MGU7, UniRef:UniRef90_Q6MGU7
contig_1	1728908	1729117	+	MJEBLD_01651	8.0	8.0		RefSeq:WP_011166100.1, SO:0001217, UniParc:UPI00002254CC, UniRef:UniRef100_Q6MGX2, UniRef:UniRef50_Q6MGX2, UniRef:UniRef90_Q6MGX2
contig_1	1756121	1756423	+	MJEBLD_01679	11.0	4.8		RefSeq:WP_041583661.1, SO:0001217, UniParc:UPI0002DD091B, UniRef:UniRef100_Q6MGZ8, UniRef:UniRef50_Q6MGZ8, UniRef:UniRef90_Q6MGZ8
contig_1	1764391	1765638	-	MJEBLD_01686	45.9	5.1		RefSeq:WP_011166064.1, SO:0001217, UniParc:UPI00002254A8, UniRef:UniRef100_Q6MH06, UniRef:UniRef50_K7YTQ7, UniRef:UniRef90_Q6MH06
contig_1	1767315	1767950	-	MJEBLD_01689	23.5	8.3		RefSeq:WP_011166061.1, SO:0001217, UniParc:UPI00002254A5, UniRef:UniRef100_Q6MH09, UniRef:UniRef50_Q6MH09, UniRef:UniRef90_Q6MH09
contig_1	1779182	1779709	-	MJEBLD_01699	21.8	12.0		
contig_1	1781551	1782120	+	MJEBLD_01702	21.2	9.3		RefSeq:WP_011166049.1, SO:0001217, UniParc:UPI0000225499, UniRef:UniRef100_Q6MH21, UniRef:UniRef50_K7ZHA9, UniRef:UniRef90_K7ZHA9
contig_1	1791647	1792012	+	MJEBLD_01716	13.4	8.3		RefSeq:WP_157865737.1, SO:0001217, UniParc:UPI00030FF9EE, UniRef:UniRef100_Q6MH33, UniRef:UniRef50_A0A150WVY5, UniRef:UniRef90_K7Z2E5
contig_1	1804597	1804899	-	MJEBLD_01729	11.7	9.3		RefSeq:WP_011166024.1, SO:0001217, UniParc:UPI0000225480, UniRef:UniRef100_Q6MH46, UniRef:UniRef50_A0A162GRG1, UniRef:UniRef90_Q6MH46
contig_1	1806283	1806777	+	MJEBLD_01731	17.9	6.6		RefSeq:WP_011166022.1, SO:0001217, UniParc:UPI000022547E, UniRef:UniRef100_Q6MH48, UniRef:UniRef50_K7Z2D1, UniRef:UniRef90_K7Z2D1
contig_1	1808637	1809425	+	MJEBLD_01734	29.5	11.6		RefSeq:WP_011166019.1, SO:0001217, UniParc:UPI000022547B, UniRef:UniRef100_Q6MH51, UniRef:UniRef50_Q6MH51, UniRef:UniRef90_Q6MH51
contig_1	1814039	1814935	+	MJEBLD_01740	33.0	6.7		RefSeq:WP_041583654.1, SO:0001217, UniParc:UPI0002EACF4F, UniRef:UniRef100_Q6MH57, UniRef:UniRef50_A0A514X244, UniRef:UniRef90_K7ZH99
contig_1	1825413	1826402	+	MJEBLD_01748	38.2	9.3		RefSeq:WP_011166006.1, SO:0001217, UniParc:UPI000022546E, UniRef:UniRef100_Q6MH64, UniRef:UniRef50_Q6MH64, UniRef:UniRef90_Q6MH64
contig_1	1861676	1862077	+	MJEBLD_01793	14.4	6.6		SO:0001217, UniRef:UniRef50_K7ZCH1, UniRef:UniRef90_K7ZCH1
contig_1	1862236	1862598	+	MJEBLD_01794	13.8	7.7		SO:0001217, UniRef:UniRef50_K7ZH82, UniRef:UniRef90_K7ZH82
contig_1	1871462	1871638	-	MJEBLD_01805	6.3	8.8		SO:0001217, UniRef:UniRef50_UPI00130E6653
contig_1	1903815	1904078	-	MJEBLD_01836	9.9	9.8		RefSeq:WP_038448700.1, SO:0001217, UniParc:UPI00045BFC2A, UniRef:UniRef100_Q6MHE9, UniRef:UniRef50_Q6MHE9, UniRef:UniRef90_Q6MHE9
contig_1	1906759	1907448	+	MJEBLD_01839	24.0	4.8		RefSeq:WP_038448693.1, SO:0001217, UniParc:UPI00031D35E0, UniRef:UniRef100_Q6MHF2, UniRef:UniRef50_Q6MHF2, UniRef:UniRef90_Q6MHF2
contig_1	1940948	1942033	-	MJEBLD_01875	39.6	5.8		RefSeq:WP_011165882.1, SO:0001217, UniParc:UPI00002253F2, UniRef:UniRef100_Q6MHI8, UniRef:UniRef50_K7ZCD1, UniRef:UniRef90_K7ZCD1
contig_1	1942043	1942981	-	MJEBLD_01876	34.1	7.7		RefSeq:WP_011165881.1, SO:0001217, UniParc:UPI00002253F1, UniRef:UniRef100_Q6MHI9, UniRef:UniRef50_Q6MHI9, UniRef:UniRef90_Q6MHI9
contig_1	1950496	1950612	-	MJEBLD_01883	4.4	10.0		SO:0001217, UniParc:UPI00002253E9, UniRef:UniRef100_Q6MHJ7, UniRef:UniRef50_K7YT85, UniRef:UniRef90_K7YT85
contig_1	1953593	1954012	+	MJEBLD_01887	15.8	4.6		RefSeq:WP_011165870.1, SO:0001217, UniParc:UPI00002253E6, UniRef:UniRef100_Q6MHK0, UniRef:UniRef50_K7YZE3, UniRef:UniRef90_K7YZE3
contig_1	1954012	1954257	+	MJEBLD_01888	9.3	9.0		RefSeq:WP_011165869.1, SO:0001217, UniParc:UPI00002253E5, UniRef:UniRef100_Q6MHK1, UniRef:UniRef50_Q6MHK1, UniRef:UniRef90_Q6MHK1
contig_1	1974338	1974682	+	MJEBLD_01907	12.2	9.3		RefSeq:WP_011165849.1, SO:0001217, UniParc:UPI00002253D1, UniRef:UniRef100_Q6MHM1, UniRef:UniRef50_K7YZC5, UniRef:UniRef90_K7YZC5
contig_1	1978593	1978763	+	MJEBLD_01913	6.5	5.8		SO:0001217, UniParc:UPI00002253CB, UniRef:UniRef100_Q6MHM7, UniRef:UniRef50_Q6MHM7, UniRef:UniRef90_Q6MHM7
contig_1	1983723	1984253	-	MJEBLD_01921	20.5	6.0		RefSeq:WP_011165836.1, SO:0001217, UniParc:UPI00002253C4, UniRef:UniRef100_Q6MHN4, UniRef:UniRef50_K7Z1X3, UniRef:UniRef90_Q6MHN4
contig_1	1984433	1984834	+	MJEBLD_01922	15.0	4.7		RefSeq:WP_226988072.1, SO:0001217, UniParc:UPI0002F35865, UniRef:UniRef100_UPI0002F35865, UniRef:UniRef50_K7ZCB6, UniRef:UniRef90_K7ZCB6
contig_1	1988756	1989067	+	MJEBLD_01928	11.5	9.5		RefSeq:WP_011165829.1, SO:0001217, UniParc:UPI00002253BD, UniRef:UniRef100_Q6MHP1, UniRef:UniRef50_Q6MHP1, UniRef:UniRef90_Q6MHP1
contig_1	1998314	1998490	-	MJEBLD_01938	6.5	9.5		
contig_1	2007728	2007904	-	MJEBLD_01948	6.5	9.2		RefSeq:WP_011165809.1, SO:0001217, UniParc:UPI00002253A9, UniRef:UniRef100_Q6MHR1, UniRef:UniRef50_Q6MHR1, UniRef:UniRef90_Q6MHR1
contig_1	2015190	2015594	-	MJEBLD_01955	15.0	4.5		RefSeq:WP_011165802.1, SO:0001217, UniParc:UPI00002253A2, UniRef:UniRef100_Q6MHR8, UniRef:UniRef50_K7YZ85, UniRef:UniRef90_K7YZ85
contig_1	2041825	2042166	-	MJEBLD_01979	12.7	9.2		RefSeq:WP_011165777.1, SO:0001217, UniParc:UPI0000225389, UniRef:UniRef100_Q6MHU3, UniRef:UniRef50_K7YT16, UniRef:UniRef90_K7YT16
contig_1	2046470	2047063	-	MJEBLD_01983	21.7	9.6		RefSeq:WP_041583631.1, SO:0001217, UniParc:UPI0002E79EAF, UniRef:UniRef100_Q6MHU7, UniRef:UniRef50_K7YZ59, UniRef:UniRef90_K7YZ59
contig_1	2050116	2050613	-	MJEBLD_01987	19.2	4.8		RefSeq:WP_011165769.1, SO:0001217, UniParc:UPI0000225381, UniRef:UniRef100_Q6MHV1, UniRef:UniRef50_Q6MHV1, UniRef:UniRef90_Q6MHV1
contig_1	2067627	2070212	-	MJEBLD_02003	95.8	5.7		RefSeq:WP_011165753.1, SO:0001217, UniParc:UPI0000225371, UniRef:UniRef100_Q6MHW7, UniRef:UniRef50_K7ZC93, UniRef:UniRef90_K7ZC93
contig_1	2072456	2072752	-	MJEBLD_02006	10.7	4.5		RefSeq:WP_157865727.1, SO:0001217, UniParc:UPI000316B4C5, UniRef:UniRef100_Q6MHX0, UniRef:UniRef50_K7YSZ9, UniRef:UniRef90_K7YSZ9
contig_1	2096633	2097874	+	MJEBLD_02029	47.1	9.2		RefSeq:WP_226988056.1, SO:0001217, UniParc:UPI00045C0927, UniRef:UniRef100_Q6MHZ3, UniRef:UniRef50_K7YZ27, UniRef:UniRef90_Q6MHZ3
contig_1	2124618	2124734	-	MJEBLD_02056	3.9	10.3		SO:0001217, UniParc:UPI000022533B, UniRef:UniRef100_Q6MI21, UniRef:UniRef50_K7ZC76, UniRef:UniRef90_K7ZC76
contig_1	2130164	2132137	-	MJEBLD_02059	74.1	8.8		RefSeq:WP_011165696.1, SO:0001217, UniParc:UPI0000225338, UniRef:UniRef100_Q6MI24, UniRef:UniRef50_Q6MI24, UniRef:UniRef90_Q6MI24
contig_1	2136947	2137606	+	MJEBLD_02064	22.8	10.5	PF00166.26|Cpn10	PFAM:PF00166.26
contig_1	2139221	2139595	+	MJEBLD_02066	14.4	10.1		RefSeq:WP_011165690.1, SO:0001217, UniParc:UPI0000225332, UniRef:UniRef100_Q6MI30, UniRef:UniRef50_K7ZC73, UniRef:UniRef90_Q6MI30
contig_1	2139657	2141030	-	MJEBLD_02067	49.8	6.5		RefSeq:WP_011165689.1, SO:0001217, UniParc:UPI0000225331, UniRef:UniRef100_Q6MI31, UniRef:UniRef50_K7YSV6, UniRef:UniRef90_Q6MI31
contig_1	2148424	2149761	+	MJEBLD_02073	49.4	6.2		RefSeq:WP_231839206.1, SO:0001217, UniParc:UPI001E57FE00, UniRef:UniRef100_UPI001E57FE00, UniRef:UniRef50_A0A150WT72, UniRef:UniRef90_K7ZC70
contig_1	2153821	2154117	-	MJEBLD_02079	11.0	6.7		RefSeq:WP_011165677.1, SO:0001217, UniParc:UPI0000225325, UniRef:UniRef100_Q6MI43, UniRef:UniRef50_K7ZGY4, UniRef:UniRef90_K7ZGY4
contig_1	2171550	2171996	+	MJEBLD_02099	16.2	8.9		RefSeq:WP_011165656.1, SO:0001217, UniParc:UPI0000225310, UniRef:UniRef100_Q6MI62, UniRef:UniRef50_A0A1Z3N528, UniRef:UniRef90_A0A1Z3N528
contig_1	2179317	2180192	-	MJEBLD_02105	32.4	6.9		RefSeq:WP_011165650.1, SO:0001217, UniParc:UPI000022530A, UniRef:UniRef100_Q6MI68, UniRef:UniRef50_K7YSP4, UniRef:UniRef90_Q6MI68
contig_1	2180649	2180831	-	MJEBLD_02107	7.0	10.0		
contig_1	2180780	2181514	-	MJEBLD_02108	27.5	10.3		RefSeq:WP_011165648.1, SO:0001217, UniParc:UPI0000225308, UniRef:UniRef100_Q6MI70, UniRef:UniRef50_K7YYU9, UniRef:UniRef90_Q6MI70
contig_1	2182228	2182515	-	MJEBLD_02111	10.6	9.7		RefSeq:WP_011165645.1, SO:0001217, UniParc:UPI0000225305, UniRef:UniRef100_Q6MI73, UniRef:UniRef50_A0A150WP95, UniRef:UniRef90_Q6MI73
contig_1	2187305	2188237	+	MJEBLD_02116	33.6	5.4		RefSeq:WP_011165640.1, SO:0001217, UniParc:UPI0000225300, UniRef:UniRef100_Q6MI78, UniRef:UniRef50_Q6MI78, UniRef:UniRef90_Q6MI78
contig_1	2190384	2191178	+	MJEBLD_02120	29.8	5.6		RefSeq:WP_011165636.1, SO:0001217, UniParc:UPI00002252FC, UniRef:UniRef100_Q6MI82, UniRef:UniRef50_K7YSL9, UniRef:UniRef90_Q6MI82
contig_1	2193787	2194806	-	MJEBLD_02123	38.4	5.1		RefSeq:WP_011165633.1, SO:0001217, UniParc:UPI00002252F9, UniRef:UniRef100_Q6MI85, UniRef:UniRef50_K7YYS7, UniRef:UniRef90_K7YYS7
contig_1	2201235	2202281	+	MJEBLD_02130	37.3	6.1		RefSeq:WP_011165626.1, SO:0001217, UniParc:UPI00002252F2, UniRef:UniRef100_Q6MI92, UniRef:UniRef50_Q6MI92, UniRef:UniRef90_Q6MI92
contig_1	2206008	2206646	-	MJEBLD_02136	22.4	5.5		RefSeq:WP_011165620.1, SO:0001217, UniParc:UPI00002252EC, UniRef:UniRef100_Q6MI98, UniRef:UniRef50_Q6MI98, UniRef:UniRef90_Q6MI98
contig_1	2218352	2219401	-	MJEBLD_02142	40.7	5.5		RefSeq:WP_011165614.1, SO:0001217, UniParc:UPI00002252E6, UniRef:UniRef100_Q6MIA4, UniRef:UniRef50_K7ZC37, UniRef:UniRef90_K7ZC37
contig_1	2219512	2220015	+	MJEBLD_02143	19.1	9.5		RefSeq:WP_226988042.1, SO:0001217, UniParc:UPI00031B3672, UniRef:UniRef100_Q6MIA5, UniRef:UniRef50_A0A514XEH6, UniRef:UniRef90_K7YYR0
contig_1	2229274	2231778	-	MJEBLD_02153	86.7	4.3	PF17164.10|DUF5122	PFAM:PF17164.10, RefSeq:WP_011165603.1, SO:0001217, UniParc:UPI00002252DB, UniRef:UniRef100_Q6MIB5, UniRef:UniRef50_Q6MIB5, UniRef:UniRef90_Q6MIB5
contig_1	2233582	2233980	-	MJEBLD_02155	15.1	7.5		RefSeq:WP_038448398.1, SO:0001217, UniParc:UPI00030DF1A4, UniRef:UniRef100_Q6MIB7, UniRef:UniRef50_K7Z1C9, UniRef:UniRef90_K7Z1C9
contig_1	2241466	2242776	+	MJEBLD_02163	48.3	7.7		RefSeq:WP_011165593.1, SO:0001217, UniParc:UPI00002252D1, UniRef:UniRef100_Q6MIC5, UniRef:UniRef50_Q6MIC5, UniRef:UniRef90_Q6MIC5
contig_1	2245133	2245864	-	MJEBLD_02166	28.0	6.3		RefSeq:WP_011165590.1, SO:0001217, UniParc:UPI00002252CE, UniRef:UniRef100_Q6MIC8, UniRef:UniRef50_Q6MIC8, UniRef:UniRef90_Q6MIC8
contig_1	2255159	2255641	+	MJEBLD_02178	17.4	8.8		RefSeq:WP_011165577.1, SO:0001217, UniParc:UPI00002252C1, UniRef:UniRef100_Q6MIE0, UniRef:UniRef50_K7YYN0, UniRef:UniRef90_K7YYN0
contig_1	2311708	2311875	+	MJEBLD_02225	6.7	11.1		
contig_1	2358170	2359021	-	MJEBLD_02259	31.1	5.4		RefSeq:WP_011165496.1, SO:0001217, UniParc:UPI0000225270, UniRef:UniRef100_Q6MIM1, UniRef:UniRef50_K7ZGQ2, UniRef:UniRef90_K7ZGQ2
contig_1	2378002	2378118	+	MJEBLD_02276	4.4	12.0		
contig_1	2378998	2379234	+	MJEBLD_02278	8.7	4.3		RefSeq:WP_011165476.1, SO:0001217, UniParc:UPI000022525C, UniRef:UniRef100_Q6MIP1, UniRef:UniRef50_K7Z0Z2, UniRef:UniRef90_K7Z0Z2
contig_1	2394457	2395389	-	MJEBLD_02293	34.7	6.9		RefSeq:WP_011165461.1, SO:0001217, UniParc:UPI000022524D, UniRef:UniRef100_Q6MIQ6, UniRef:UniRef50_Q6MIQ6, UniRef:UniRef90_Q6MIQ6
contig_1	2395432	2396241	+	MJEBLD_02294	30.4	9.3		SO:0001217, UniParc:UPI000022524C, UniRef:UniRef100_Q6MIQ7, UniRef:UniRef50_Q6MIQ7, UniRef:UniRef90_Q6MIQ7
contig_1	2411986	2412399	-	MJEBLD_02311	15.5	4.9		RefSeq:WP_226988022.1, SO:0001217, UniParc:UPI000319F3BC, UniRef:UniRef100_Q6MIS4, UniRef:UniRef50_K7YS09, UniRef:UniRef90_K7YS09
contig_1	2424955	2426106	+	MJEBLD_02323	43.4	8.6		RefSeq:WP_231839189.1, SO:0001217, UniParc:UPI0002F49CA2, UniRef:UniRef100_Q6MIT6, UniRef:UniRef50_K7ZBV3, UniRef:UniRef90_K7ZBV3
contig_1	2438148	2438408	-	MJEBLD_02334	9.8	7.7		RefSeq:WP_157865720.1, SO:0001217, UniParc:UPI0002DB53DB, UniRef:UniRef100_UPI0002DB53DB, UniRef:UniRef50_K7YY79, UniRef:UniRef90_K7YY79
contig_1	2444605	2445747	+	MJEBLD_02341	40.6	6.1		SO:0001217, UniRef:UniRef50_K7ZGM2, UniRef:UniRef90_K7ZGM2
contig_1	2456814	2457290	-	MJEBLD_02350	17.9	6.8		RefSeq:WP_011165402.1, SO:0001217, UniParc:UPI0000225212, UniRef:UniRef100_Q6MIW5, UniRef:UniRef50_K7YY67, UniRef:UniRef90_K7YY67
contig_1	2473790	2474872	+	MJEBLD_02355	40.7	5.5		RefSeq:WP_367145715.1, SO:0001217, UniParc:UPI00030A928B, UniRef:UniRef100_UPI00030A928B, UniRef:UniRef50_K7ZBT9, UniRef:UniRef90_K7ZBT9
contig_1	2477488	2477919	-	MJEBLD_02358	16.2	7.8		RefSeq:WP_011165394.1, SO:0001217, UniParc:UPI000022520A, UniRef:UniRef100_Q6MIX3, UniRef:UniRef50_Q6MIX3, UniRef:UniRef90_Q6MIX3
contig_1	2482067	2483044	+	MJEBLD_02364	36.4	9.5		RefSeq:WP_011165388.1, SO:0001217, UniParc:UPI0000225204, UniRef:UniRef100_Q6MIX9, UniRef:UniRef50_K7Z0R3, UniRef:UniRef90_K7Z0R3
contig_1	2487522	2487884	+	MJEBLD_02368	13.5	9.7		RefSeq:WP_011165384.1, SO:0001217, UniParc:UPI0000225200, UniRef:UniRef100_Q6MIY3, UniRef:UniRef50_Q6MIY3, UniRef:UniRef90_Q6MIY3
contig_1	2487888	2489348	+	MJEBLD_02369	53.7	5.3		RefSeq:WP_011165383.1, SO:0001217, UniParc:UPI00002251FF, UniRef:UniRef100_Q6MIY4, UniRef:UniRef50_Q6MIY4, UniRef:UniRef90_Q6MIY4
contig_1	2501146	2502159	+	MJEBLD_02379	37.2	8.8		RefSeq:WP_011165373.1, SO:0001217, UniParc:UPI00002251F5, UniRef:UniRef100_Q6MIZ4, UniRef:UniRef50_K7ZFN1, UniRef:UniRef90_Q6MIZ4
contig_1	2504000	2504239	-	MJEBLD_02382	8.9	6.2		RefSeq:WP_011165370.1, SO:0001217, UniParc:UPI00002251F2, UniRef:UniRef100_Q6MIZ7, UniRef:UniRef50_K7ZBS5, UniRef:UniRef90_K7ZBS5
contig_1	2551804	2554896	+	MJEBLD_02442	109.0	9.0	PF01391.23|Collagen	PFAM:PF01391.23, RefSeq:WP_157865718.1, SO:0001217, UniParc:UPI0012FF3AB5, UniRef:UniRef100_Q6MJ51, UniRef:UniRef50_Q6MJ51, UniRef:UniRef90_Q6MJ51
contig_1	2555666	2558392	+	MJEBLD_02444	100.7	8.4		RefSeq:WP_041583610.1, SO:0001217, UniParc:UPI0002ECA19C, UniRef:UniRef100_Q6MJ54, UniRef:UniRef50_Q6MJ54, UniRef:UniRef90_Q6MJ54
contig_1	2559041	2560150	+	MJEBLD_02446	41.5	6.1		RefSeq:WP_011165308.1, SO:0001217, UniParc:UPI00002251B5, UniRef:UniRef100_Q6MJ56, UniRef:UniRef50_Q6MJ56, UniRef:UniRef90_Q6MJ56
contig_1	2560188	2561780	+	MJEBLD_02447	58.5	5.6		RefSeq:WP_011165307.1, SO:0001217, UniParc:UPI00002251B4, UniRef:UniRef100_Q6MJ57, UniRef:UniRef50_A0A514XFC3, UniRef:UniRef90_Q6MJ57
contig_1	2561784	2562662	+	MJEBLD_02448	31.8	5.7		RefSeq:WP_011165306.1, SO:0001217, UniParc:UPI00002251B3, UniRef:UniRef100_Q6MJ58, UniRef:UniRef50_Q6MJ58, UniRef:UniRef90_Q6MJ58
contig_1	2571106	2571288	-	MJEBLD_02457	6.7	4.8		RefSeq:WP_011165296.1, SO:0001217, UniParc:UPI00002251A9, UniRef:UniRef100_Q6MJ68, UniRef:UniRef50_Q6MJ68, UniRef:UniRef90_Q6MJ68
contig_1	2576984	2577934	+	MJEBLD_02462	36.9	5.5		RefSeq:WP_011165291.1, SO:0001217, UniParc:UPI00002251A4, UniRef:UniRef100_Q6MJ73, UniRef:UniRef50_K7ZBQ1, UniRef:UniRef90_K7ZBQ1
contig_1	2578082	2578276	+	MJEBLD_02463	7.9	9.7		RefSeq:WP_038450157.1, SO:0001217, UniParc:UPI0002EE0A22, UniRef:UniRef100_Q6MJ74, UniRef:UniRef50_K7YXY5, UniRef:UniRef90_K7YXY5
contig_1	2583317	2583697	-	MJEBLD_02468	14.4	8.8		RefSeq:WP_011165285.1, SO:0001217, UniParc:UPI000022519E, UniRef:UniRef100_Q6MJ79, UniRef:UniRef50_K7Z0I4, UniRef:UniRef90_Q6MJ79
contig_1	2584636	2585934	-	MJEBLD_02470	49.9	9.3		RefSeq:WP_011165283.1, SO:0001217, UniParc:UPI000022519C, UniRef:UniRef100_Q6MJ81, UniRef:UniRef50_A0A150WMB6, UniRef:UniRef90_Q6MJ81
contig_1	2588833	2589798	-	MJEBLD_02475	33.9	7.5		RefSeq:WP_011165279.1, SO:0001217, UniParc:UPI0000225198, UniRef:UniRef100_Q6MJ85, UniRef:UniRef50_Q6MJ85, UniRef:UniRef90_Q6MJ85
contig_1	2607273	2607926	-	MJEBLD_02494	25.1	6.0		RefSeq:WP_041583606.1, SO:0001217, UniParc:UPI0005A0EC12, UniRef:UniRef100_Q6MJA5, UniRef:UniRef50_K7YRL3, UniRef:UniRef90_Q6MJA5
contig_1	2616696	2617055	-	MJEBLD_02499	13.5	8.8		
contig_1	2627845	2628243	+	MJEBLD_02507	14.2	5.7		RefSeq:WP_048349768.1, SO:0001217, UniParc:UPI00030D0FDA, UniRef:UniRef100_Q6MJB9, UniRef:UniRef50_K7ZBN7, UniRef:UniRef90_Q6MJB9
contig_1	2637101	2637580	-	MJEBLD_02516	18.6	6.6		RefSeq:WP_011165236.1, SO:0001217, UniParc:UPI000022516D, UniRef:UniRef100_Q6MJC8, UniRef:UniRef50_A0A514X217, UniRef:UniRef90_K7Z0E7
contig_1	2658550	2658750	-	MJEBLD_02535	7.0	8.8		
contig_1	2669132	2669440	-	MJEBLD_02545	10.9	4.5		RefSeq:WP_011165208.1, SO:0001217, UniParc:UPI0000225151, UniRef:UniRef100_Q6MJF5, UniRef:UniRef50_K7YRH9, UniRef:UniRef90_K7YRH9
contig_1	2671400	2671972	-	MJEBLD_02548	20.1	5.6		RefSeq:WP_011165205.1, SO:0001217, UniParc:UPI000022514E, UniRef:UniRef100_Q6MJF8, UniRef:UniRef50_Q6MJF8, UniRef:UniRef90_Q6MJF8
contig_1	2672157	2672372	+	MJEBLD_02549	8.4	5.3		RefSeq:WP_226987815.1, SO:0001217, UniParc:UPI000308B978, UniRef:UniRef100_Q6MJF9, UniRef:UniRef50_K7YXQ8, UniRef:UniRef90_Q6MJF9
contig_1	2681881	2682792	+	MJEBLD_02560	33.8	5.8		RefSeq:WP_011165192.1, SO:0001217, UniParc:UPI0000225141, UniRef:UniRef100_Q6MJH1, UniRef:UniRef50_Q6MJH1, UniRef:UniRef90_Q6MJH1
contig_1	2693929	2694666	+	MJEBLD_02574	27.6	6.9	PF00515.34|TPR_1, PF07719.23|TPR_2, PF13181.12|TPR_8, PF13414.12|TPR_11	PFAM:PF00515.34, PFAM:PF07719.23, PFAM:PF13181.12, PFAM:PF13414.12, RefSeq:WP_011165178.1, SO:0001217, UniParc:UPI0000225133, UniRef:UniRef100_Q6MJI5, UniRef:UniRef50_A0A514X209, UniRef:UniRef90_Q6MJI5
contig_1	2698327	2698650	+	MJEBLD_02579	12.1	6.3		RefSeq:WP_011165173.1, SO:0001217, UniParc:UPI000022512E, UniRef:UniRef100_Q6MJJ0, UniRef:UniRef50_K7YRA5, UniRef:UniRef90_K7YRA5
contig_1	2708647	2709411	-	MJEBLD_02591	28.3	5.5		RefSeq:WP_011165162.1, SO:0001217, UniParc:UPI0000225123, UniRef:UniRef100_Q6MJK1, UniRef:UniRef50_Q6MJK1, UniRef:UniRef90_Q6MJK1
contig_1	2711172	2711582	+	MJEBLD_02594	14.1	6.7		RefSeq:WP_011165159.1, SO:0001217, UniParc:UPI0000225120, UniRef:UniRef100_Q6MJK4, UniRef:UniRef50_Q6MJK4, UniRef:UniRef90_Q6MJK4
contig_1	2714128	2714832	-	MJEBLD_02599	26.1	9.0		RefSeq:WP_011165154.1, SO:0001217, UniParc:UPI000022511B, UniRef:UniRef100_Q6MJK9, UniRef:UniRef50_K7YR64, UniRef:UniRef90_K7YR64
contig_1	2730128	2730823	-	MJEBLD_02617	25.6	5.4		RefSeq:WP_011165136.1, SO:0001217, UniParc:UPI0000225109, UniRef:UniRef100_Q6MJM7, UniRef:UniRef50_A0A150WMP4, UniRef:UniRef90_K7ZBH9
contig_1	2730833	2732140	-	MJEBLD_02618	50.0	9.3		RefSeq:WP_011165135.1, SO:0001217, UniParc:UPI0000225108, UniRef:UniRef100_Q6MJM8, UniRef:UniRef50_A0A150WMB6, UniRef:UniRef90_Q6MJM8
contig_1	2738303	2738722	+	MJEBLD_02625	16.2	9.3		RefSeq:WP_041583599.1, SO:0001217, UniParc:UPI00030F3139, UniRef:UniRef100_Q6MJN5, UniRef:UniRef50_K7ZGC6, UniRef:UniRef90_K7ZGC6
contig_1	2738816	2739265	+	MJEBLD_02626	16.8	5.8		RefSeq:WP_226987807.1, SO:0001217, UniParc:UPI00045C01CC, UniRef:UniRef100_Q6MJN6, UniRef:UniRef50_Q6MJN6, UniRef:UniRef90_Q6MJN6
contig_1	2748780	2751554	+	MJEBLD_02633	102.7	8.7		RefSeq:WP_011165119.1, SO:0001217, UniParc:UPI00002250F8, UniRef:UniRef100_Q6MJP4, UniRef:UniRef50_Q6MJP4, UniRef:UniRef90_Q6MJP4
contig_1	2756171	2756602	+	MJEBLD_02639	16.1	5.3		RefSeq:WP_011165113.1, SO:0001217, UniParc:UPI00002250F2, UniRef:UniRef100_Q6MJQ0, UniRef:UniRef50_Q6MJQ0, UniRef:UniRef90_Q6MJQ0
contig_1	2778254	2779453	+	MJEBLD_02662	44.2	8.9		RefSeq:WP_157865709.1, SO:0001217, UniParc:UPI000315B0EC, UniRef:UniRef100_Q6MJS2, UniRef:UniRef50_Q6MJS2, UniRef:UniRef90_Q6MJS2
contig_1	2787495	2788472	+	MJEBLD_02671	33.5	4.4		RefSeq:WP_011165081.1, SO:0001217, UniParc:UPI00002250D2, UniRef:UniRef100_Q6MJT1, UniRef:UniRef50_A0A514WZH0, UniRef:UniRef90_Q6MJT1
contig_1	2789234	2789692	-	MJEBLD_02673	16.6	5.4		RefSeq:WP_011165079.1, SO:0001217, UniParc:UPI00002250D0, UniRef:UniRef100_Q6MJT3, UniRef:UniRef50_K7YX82, UniRef:UniRef90_K7YX82
contig_1	2792396	2793043	+	MJEBLD_02677	25.3	8.9		RefSeq:WP_011165076.1, SO:0001217, UniParc:UPI00002250CD, UniRef:UniRef100_Q6MJT6, UniRef:UniRef50_Q6MJT6, UniRef:UniRef90_Q6MJT6
contig_3	114	770	+	MJEBLD_02679	25.4	5.2		
contig_2	11	283	+	MJEBLD_02680	10.5	4.8		
contig_2	1031	1849	+	MJEBLD_02682	31.8	9.2		RefSeq:WP_011164159.1, SO:0001217, UniParc:UPI0000224D39, UniRef:UniRef100_Q6MME7, UniRef:UniRef50_Q6MME7, UniRef:UniRef90_Q6MME7
contig_2	27697	28218	-	MJEBLD_02707	19.0	7.0		RefSeq:WP_011164184.1, SO:0001217, UniParc:UPI0000224D52, UniRef:UniRef100_Q6MMC3, UniRef:UniRef50_K7YXE8, UniRef:UniRef90_Q6MMC3
contig_2	53559	56396	+	MJEBLD_02736	102.8	6.4		RefSeq:WP_041583526.1, SO:0001217, UniParc:UPI0003138E74, UniRef:UniRef100_Q6MM95, UniRef:UniRef50_Q6MM95, UniRef:UniRef90_Q6MM95
contig_2	59650	59832	-	MJEBLD_02740	6.7	10.0		RefSeq:WP_011164216.1, SO:0001217, UniParc:UPI0000224D72, UniRef:UniRef100_Q6MM91, UniRef:UniRef50_K7YNN8, UniRef:UniRef90_Q6MM91
contig_2	60768	60875	-	MJEBLD_02742	4.2	9.0		SO:0001217, UniRef:UniRef50_K7YXH7
contig_2	90805	91065	-	MJEBLD_02774	9.9	6.7		RefSeq:WP_011164246.1, SO:0001217, UniParc:UPI0000224D90, UniRef:UniRef100_Q6MM61, UniRef:UniRef50_K7YUY3, UniRef:UniRef90_Q6MM61
contig_2	93787	94758	-	MJEBLD_02779	37.1	9.2		RefSeq:WP_011164251.1, SO:0001217, UniParc:UPI0000224D95, UniRef:UniRef100_Q6MM56, UniRef:UniRef50_K7YUY6, UniRef:UniRef90_Q6MM56
contig_2	94765	95565	-	MJEBLD_02780	27.5	5.5		RefSeq:WP_011164252.1, SO:0001217, UniParc:UPI0000224D96, UniRef:UniRef100_Q6MM55, UniRef:UniRef50_Q6MM55, UniRef:UniRef90_Q6MM55
contig_2	99906	100100	+	MJEBLD_02787	6.4	8.5		RefSeq:WP_011164259.1, SO:0001217, UniParc:UPI0000224D9D, UniRef:UniRef100_Q6MM48, UniRef:UniRef50_Q6MM48, UniRef:UniRef90_Q6MM48
contig_2	132349	132759	-	MJEBLD_02817	15.2	5.6		RefSeq:WP_011164289.1, SO:0001217, UniParc:UPI0000224DBB, UniRef:UniRef100_Q6MM19, UniRef:UniRef50_Q6MM19, UniRef:UniRef90_Q6MM19
contig_2	152197	152580	+	MJEBLD_02832	14.5	6.1		RefSeq:WP_011164306.1, SO:0001217, UniParc:UPI0000224DCC, UniRef:UniRef100_Q6MM02, UniRef:UniRef50_K7YXS3, UniRef:UniRef90_K7YXS3
contig_2	167281	168339	-	MJEBLD_02845	39.1	6.2	PF23621.1|BP74_N	PFAM:PF23621.1, RefSeq:WP_011164320.1, SO:0001217, UniParc:UPI0000224DDA, UniRef:UniRef100_Q6MLY8, UniRef:UniRef50_A0A514WVZ8, UniRef:UniRef90_K7YV40
contig_2	182100	182600	-	MJEBLD_02859	18.9	5.8		RefSeq:WP_011164335.1, SO:0001217, UniParc:UPI0000224DE9, UniRef:UniRef100_Q6MLX3, UniRef:UniRef50_Q6MLX3, UniRef:UniRef90_Q6MLX3
contig_2	182678	182833	+	MJEBLD_02860	5.9	10.3		
contig_2	183112	183420	+	MJEBLD_02862	11.3	10.2		RefSeq:WP_038449153.1, SO:0001217, UniParc:UPI0002EFC085, UniRef:UniRef100_Q6MLX0, UniRef:UniRef50_Q6MLX0, UniRef:UniRef90_Q6MLX0
contig_2	184966	185223	+	MJEBLD_02865	9.1	5.7		RefSeq:WP_011164341.1, SO:0001217, UniParc:UPI0000224DEF, UniRef:UniRef100_Q6MLW7, UniRef:UniRef50_Q6MLW7, UniRef:UniRef90_Q6MLW7
contig_2	187082	189703	-	MJEBLD_02868	95.1	4.5	PF17164.10|DUF5122	PFAM:PF17164.10, RefSeq:WP_011164343.1, SO:0001217, UniParc:UPI0000224DF1, UniRef:UniRef100_Q6MLW5, UniRef:UniRef50_A0A1Z3N8M4, UniRef:UniRef90_A0A1Z3N8M4
contig_2	189892	190308	-	MJEBLD_02869	14.8	8.8		RefSeq:WP_011164344.1, SO:0001217, UniParc:UPI0000224DF2, UniRef:UniRef100_Q6MLW4, UniRef:UniRef50_Q6MLW4, UniRef:UniRef90_Q6MLW4
contig_2	190370	190552	-	MJEBLD_02870	7.5	9.3		RefSeq:WP_144313820.1, SO:0001217, UniParc:UPI00030CC5AC, UniRef:UniRef100_Q6MLW3, UniRef:UniRef50_K7ZA90, UniRef:UniRef90_K7ZA90
contig_2	194135	194602	+	MJEBLD_02874	17.4	8.9		RefSeq:WP_011164349.1, SO:0001217, UniParc:UPI0000224DF7, UniRef:UniRef100_Q6MLV9, UniRef:UniRef50_K7ZA92, UniRef:UniRef90_Q6MLV9
contig_2	194556	195641	-	MJEBLD_02875	40.4	6.3		RefSeq:WP_011164350.1, SO:0001217, UniParc:UPI0000224DF8, UniRef:UniRef100_Q6MLV8, UniRef:UniRef50_Q6MLV8, UniRef:UniRef90_Q6MLV8
contig_2	198642	199082	-	MJEBLD_02879	16.7	5.0		RefSeq:WP_011164354.1, SO:0001217, UniParc:UPI0000224DFC, UniRef:UniRef100_Q6MLV4, UniRef:UniRef50_K7YP18, UniRef:UniRef90_Q6MLV4
contig_2	202795	203172	+	MJEBLD_02885	13.4	4.9		RefSeq:WP_011164360.1, SO:0001217, UniParc:UPI0000224E02, UniRef:UniRef100_Q6MLU8, UniRef:UniRef50_Q6MLU8, UniRef:UniRef90_Q6MLU8
contig_2	203589	203780	+	MJEBLD_02886	7.3	6.6		RefSeq:WP_011164361.1, SO:0001217, UniParc:UPI0000224E03, UniRef:UniRef100_Q6MLU7, UniRef:UniRef50_Q6MLU7, UniRef:UniRef90_Q6MLU7
contig_2	203844	204083	+	MJEBLD_02887	8.8	5.5		RefSeq:WP_011164362.1, SO:0001217, UniParc:UPI0000224E04, UniRef:UniRef100_Q6MLU6, UniRef:UniRef50_Q6MLU6, UniRef:UniRef90_Q6MLU6
contig_2	204522	205187	+	MJEBLD_02889	24.7	6.3		RefSeq:WP_011164364.1, SO:0001217, UniParc:UPI0000224E06, UniRef:UniRef100_Q6MLU4, UniRef:UniRef50_K7YV83, UniRef:UniRef90_K7YV83
contig_2	214639	215016	+	MJEBLD_02900	13.7	5.9		RefSeq:WP_011164377.1, SO:0001217, UniParc:UPI0000224E13, UniRef:UniRef100_Q6MLT1, UniRef:UniRef50_Q6MLT1, UniRef:UniRef90_Q6MLT1
contig_2	215073	215303	+	MJEBLD_02901	8.6	9.4		RefSeq:WP_231839336.1, SO:0001217, UniParc:UPI001E55479B, UniRef:UniRef100_Q6MLT0, UniRef:UniRef50_K7YXZ1, UniRef:UniRef90_K7YXZ1
contig_2	224351	224848	-	MJEBLD_02911	18.3	9.4		RefSeq:WP_011164388.1, SO:0001217, UniParc:UPI0000224E1E, UniRef:UniRef100_Q6MLS1, UniRef:UniRef50_A0A1Z3N8H8, UniRef:UniRef90_Q6MLS1
contig_2	249527	249721	-	MJEBLD_02931	7.4	9.9		RefSeq:WP_011164408.1, SO:0001217, UniParc:UPI0000224E32, UniRef:UniRef100_Q6MLQ1, UniRef:UniRef50_M4VC18, UniRef:UniRef90_Q6MLQ1
contig_2	250310	250780	+	MJEBLD_02933	17.4	7.0		RefSeq:WP_011164410.1, SO:0001217, UniParc:UPI0000224E34, UniRef:UniRef100_Q6MLP9, UniRef:UniRef50_K7YP60, UniRef:UniRef90_K7YP60
contig_2	253969	254286	-	MJEBLD_02938	11.5	9.1		RefSeq:WP_011164415.1, SO:0001217, UniParc:UPI0000224E39, UniRef:UniRef100_Q6MLP4, UniRef:UniRef50_K7YP62, UniRef:UniRef90_K7YP62
contig_2	259214	259435	-	MJEBLD_02945	8.2	9.1		RefSeq:WP_038449220.1, SO:0001217, UniParc:UPI0002EABF5A, UniRef:UniRef100_Q6MLN7, UniRef:UniRef50_Q6MLN7, UniRef:UniRef90_Q6MLN7
contig_2	295578	295868	-	MJEBLD_02976	11.0	5.2		RefSeq:WP_144313828.1, SO:0001217, UniParc:UPI0002FEFDD7, UniRef:UniRef100_Q6MLK4, UniRef:UniRef50_K7YP91, UniRef:UniRef90_K7YP91
contig_2	296280	297257	+	MJEBLD_02977	36.1	4.9		RefSeq:WP_011164456.1, SO:0001217, UniParc:UPI0000224E62, UniRef:UniRef100_Q6MLK3, UniRef:UniRef50_K7ZFN1, UniRef:UniRef90_K7ZFN1
contig_2	322091	322867	-	MJEBLD_03005	29.8	7.0		RefSeq:WP_011164484.1, SO:0001217, UniParc:UPI0000224E7E, UniRef:UniRef100_Q6MLH5, UniRef:UniRef50_Q6MLH5, UniRef:UniRef90_Q6MLH5
contig_2	324585	325169	+	MJEBLD_03007	22.6	5.2		RefSeq:WP_041583734.1, SO:0001217, UniParc:UPI0003080E98, UniRef:UniRef100_UPI00345B7552, UniRef:UniRef50_K7ZFP2, UniRef:UniRef90_K7ZFP2
contig_2	325232	325768	-	MJEBLD_03008	19.7	5.9		RefSeq:WP_011164487.1, SO:0001217, UniParc:UPI0000224E81, UniRef:UniRef100_Q6MLH2, UniRef:UniRef50_Q6MLH2, UniRef:UniRef90_Q6MLH2
contig_2	327362	328690	-	MJEBLD_03011	49.3	7.2		RefSeq:WP_041583539.1, SO:0001217, UniParc:UPI0002F36CEE, UniRef:UniRef100_Q6MLG9, UniRef:UniRef50_Q6MLG9, UniRef:UniRef90_Q6MLG9
contig_2	331392	331829	-	MJEBLD_03015	15.5	9.3		RefSeq:WP_050792913.1, SO:0001217, UniParc:UPI00045BF5EF, UniRef:UniRef100_Q6MLG5, UniRef:UniRef50_Q6MLG5, UniRef:UniRef90_Q6MLG5
contig_2	331941	332975	-	MJEBLD_03016	36.0	4.6		RefSeq:WP_041583540.1, SO:0001217, UniParc:UPI0002F7AA52, UniRef:UniRef100_Q6MLG4, UniRef:UniRef50_Q6MLG4, UniRef:UniRef90_Q6MLG4
contig_2	332988	333131	-	MJEBLD_03017	4.9	4.3		
contig_2	334973	335371	-	MJEBLD_03021	15.0	9.5		RefSeq:WP_011164499.1, SO:0001217, UniParc:UPI0000224E8D, UniRef:UniRef100_Q6MLG0, UniRef:UniRef50_K7YPC4, UniRef:UniRef90_K7YPC4
contig_2	342194	344023	-	MJEBLD_03028	66.0	8.8		RefSeq:WP_231839118.1, SO:0001217, UniParc:UPI001E521C38, UniRef:UniRef100_Q6MLF3, UniRef:UniRef50_K7YVL7, UniRef:UniRef90_K7YVL7
contig_2	352554	352949	-	MJEBLD_03039	14.4	4.6		RefSeq:WP_011164516.1, SO:0001217, UniParc:UPI0000224E9E, UniRef:UniRef100_Q6MLE3, UniRef:UniRef50_K7YVM6, UniRef:UniRef90_K7YVM6
contig_2	376474	377100	+	MJEBLD_03057	23.9	4.3		RefSeq:WP_011164534.1, SO:0001217, UniParc:UPI0000224EB0, UniRef:UniRef100_Q6MLC5, UniRef:UniRef50_Q6MLC5, UniRef:UniRef90_Q6MLC5
contig_2	408630	408899	+	MJEBLD_03090	10.0	5.8		RefSeq:WP_011164567.1, SO:0001217, UniParc:UPI0000224ED1, UniRef:UniRef100_Q6ML92, UniRef:UniRef50_Q6ML92, UniRef:UniRef90_Q6ML92
contig_2	414802	415773	-	MJEBLD_03097	35.0	6.5		RefSeq:WP_011164574.1, SO:0001217, UniParc:UPI0000224ED8, UniRef:UniRef100_Q6ML85, UniRef:UniRef50_K7YVS7, UniRef:UniRef90_K7YVS7
contig_2	419241	419537	-	MJEBLD_03100	11.4	7.9		RefSeq:WP_050792915.1, SO:0001217, UniParc:UPI00030424D6, UniRef:UniRef100_Q6ML83, UniRef:UniRef50_Q6ML83, UniRef:UniRef90_Q6ML83
contig_2	430816	431145	+	MJEBLD_03113	12.4	8.6		RefSeq:WP_011164589.1, SO:0001217, UniParc:UPI0000224EE7, UniRef:UniRef100_Q6ML70, UniRef:UniRef50_K7YVU8, UniRef:UniRef90_Q6ML70
contig_2	441281	441493	+	MJEBLD_03123	8.6	10.3		RefSeq:WP_041583551.1, SO:0001217, UniParc:UPI0002E99BBF, UniRef:UniRef100_UPI0002E99BBF, UniRef:UniRef50_A0A150WJ27, UniRef:UniRef90_A0A1Z3N7X9
contig_2	442715	443110	-	MJEBLD_03126	14.7	7.7		SO:0001217, UniParc:UPI0000224EF3, UniRef:UniRef100_Q6ML58, UniRef:UniRef50_A0A923Q0G8, UniRef:UniRef90_K7YPN9
contig_2	449544	450020	+	MJEBLD_03134	18.3	8.7		RefSeq:WP_011164609.1, SO:0001217, UniParc:UPI0000224EFB, UniRef:UniRef100_Q6ML50, UniRef:UniRef50_Q6ML50, UniRef:UniRef90_Q6ML50
contig_2	459515	459904	+	MJEBLD_03142	15.3	4.9		RefSeq:WP_011164618.1, SO:0001217, UniParc:UPI0000224F04, UniRef:UniRef100_Q6ML41, UniRef:UniRef50_Q6ML41, UniRef:UniRef90_Q6ML41
contig_2	460056	460700	+	MJEBLD_03143	23.6	7.7		RefSeq:WP_011164619.1, SO:0001217, UniParc:UPI0000224F05, UniRef:UniRef100_Q6ML40, UniRef:UniRef50_Q6ML40, UniRef:UniRef90_Q6ML40
contig_2	464322	464990	-	MJEBLD_03147	24.7	10.8		
contig_2	473482	473955	+	MJEBLD_03155	17.0	5.4		RefSeq:WP_011164632.1, SO:0001217, UniParc:UPI0000224F12, UniRef:UniRef100_Q6ML27, UniRef:UniRef50_K7YPS2, UniRef:UniRef90_K7YPS2
contig_2	505416	505844	+	MJEBLD_03185	15.7	8.8		RefSeq:WP_011164662.1, SO:0001217, UniParc:UPI0000224F30, UniRef:UniRef100_Q6MKZ7, UniRef:UniRef50_M4V5M9, UniRef:UniRef90_Q6MKZ7
contig_2	523344	523640	+	MJEBLD_03204	11.7	9.5		RefSeq:WP_011164682.1, SO:0001217, UniParc:UPI0000224F44, UniRef:UniRef100_Q6MKX7, UniRef:UniRef50_K7YPX6, UniRef:UniRef90_Q6MKX7
contig_2	534231	534950	+	MJEBLD_03212	26.9	9.5		RefSeq:WP_011164690.1, SO:0001217, UniParc:UPI0000224F4C, UniRef:UniRef100_Q6MKW9, UniRef:UniRef50_K7YW57, UniRef:UniRef90_K7YW57
contig_2	566773	567198	+	MJEBLD_03242	15.7	8.7		RefSeq:WP_011164720.1, SO:0001217, UniParc:UPI0000224F6A, UniRef:UniRef100_Q6MKT9, UniRef:UniRef50_K7YW94, UniRef:UniRef90_K7YW94
contig_2	567208	567522	+	MJEBLD_03243	12.1	6.7		RefSeq:WP_011164721.1, SO:0001217, UniParc:UPI0000224F6B, UniRef:UniRef100_Q6MKT8, UniRef:UniRef50_K7ZAX7, UniRef:UniRef90_Q6MKT8
contig_2	570169	570480	-	MJEBLD_03246	11.6	4.6		SO:0001217, UniRef:UniRef50_Q6MKT5, UniRef:UniRef90_Q6MKT5
contig_2	570574	570876	-	MJEBLD_03247	11.5	10.0		RefSeq:WP_038449577.1, SO:0001217, UniParc:UPI00045C10EB, UniRef:UniRef100_UPI00045C10EB, UniRef:UniRef50_UPI0035A583D2, UniRef:UniRef90_UPI00045C10EB
contig_2	570863	571312	-	MJEBLD_03248	17.1	9.7		RefSeq:WP_041583560.1, SO:0001217, UniParc:UPI0005A2D71A, UniRef:UniRef100_UPI0005A2D71A, UniRef:UniRef50_UPI0035A71B8F, UniRef:UniRef90_UPI0035A71B8F
contig_2	579343	579840	-	MJEBLD_03257	18.7	5.3		RefSeq:WP_011164732.1, SO:0001217, UniParc:UPI0000224F76, UniRef:UniRef100_Q6MKS7, UniRef:UniRef50_K7ZFY2, UniRef:UniRef90_K7ZFY2
contig_2	579989	580192	+	MJEBLD_03258	7.8	5.3		RefSeq:WP_011164733.1, SO:0001217, UniParc:UPI0000224F77, UniRef:UniRef100_Q6MKS6, UniRef:UniRef50_Q6MKS6, UniRef:UniRef90_Q6MKS6
contig_2	590415	590906	+	MJEBLD_03266	17.6	5.5		RefSeq:WP_011164741.1, SO:0001217, UniParc:UPI0000224F7F, UniRef:UniRef100_Q6MKR8, UniRef:UniRef50_Q6MKR8, UniRef:UniRef90_Q6MKR8
contig_2	596997	597401	-	MJEBLD_03271	14.6	10.0		RefSeq:WP_011164746.1, SO:0001217, UniParc:UPI0000224F84, UniRef:UniRef100_Q6MKR3, UniRef:UniRef50_K7ZFY6, UniRef:UniRef90_K7ZFY6
contig_2	597520	600711	-	MJEBLD_03272	107.5	4.8	PF13540.12|RCC1_2	PFAM:PF13540.12, SO:0001217, UniParc:UPI0000224F85, UniRef:UniRef100_Q6MKR2, UniRef:UniRef50_Q6MKR2, UniRef:UniRef90_Q6MKR2
contig_2	604072	604449	+	MJEBLD_03275	13.9	5.9		RefSeq:WP_011164750.1, SO:0001217, UniParc:UPI0000224F88, UniRef:UniRef100_Q6MKQ9, UniRef:UniRef50_A0A162G1R0, UniRef:UniRef90_A0A1Z3N7K6
contig_2	606688	607176	-	MJEBLD_03278	17.6	9.3		SO:0001217, UniParc:UPI0000224F8B, UniRef:UniRef100_Q6MKQ6, UniRef:UniRef50_K7YQ71, UniRef:UniRef90_K7YQ71
contig_2	625036	627603	+	MJEBLD_03293	92.8	4.6	PF17164.10|DUF5122	PFAM:PF17164.10, SO:0001217, UniParc:UPI0000224F99, UniRef:UniRef100_Q6MKP2, UniRef:UniRef50_Q6MKP2, UniRef:UniRef90_Q6MKP2
contig_2	631278	632108	+	MJEBLD_03298	29.0	5.1		SO:0001217, UniRef:UniRef50_K7ZFZ4, UniRef:UniRef90_UPI0035A60156
contig_2	633046	633192	-	MJEBLD_03300	5.4	10.2		RefSeq:WP_011164774.1, SO:0001217, UniParc:UPI0000224FA0, UniRef:UniRef100_Q6MKN5, UniRef:UniRef50_K7ZB00, UniRef:UniRef90_K7ZB00
contig_2	634911	635969	+	MJEBLD_03303	40.6	6.1		RefSeq:WP_011164777.1, SO:0001217, UniParc:UPI0000224FA3, UniRef:UniRef100_Q6MKN2, UniRef:UniRef50_Q6MKN2, UniRef:UniRef90_Q6MKN2
contig_2	660373	660546	-	MJEBLD_03325	6.7	9.6		
contig_2	661935	662306	+	MJEBLD_03327	13.8	8.8		RefSeq:WP_011164800.1, SO:0001217, UniParc:UPI0000224FBA, UniRef:UniRef100_Q6MKK9, UniRef:UniRef50_K7ZG01, UniRef:UniRef90_K7ZG01
contig_2	662379	662867	+	MJEBLD_03328	18.2	5.2		SO:0001217, UniRef:UniRef50_K7YWG7, UniRef:UniRef90_K7YWG7
contig_2	667563	668174	+	MJEBLD_03331	22.9	8.7		RefSeq:WP_050792942.1, SO:0001217, UniParc:UPI000682AB40, UniRef:UniRef100_Q6MKK5, UniRef:UniRef50_A0A1Z3N7D3, UniRef:UniRef90_Q6MKK5
contig_2	672468	673196	-	MJEBLD_03336	26.6	7.7		RefSeq:WP_144313853.1, SO:0001217, UniParc:UPI0002D6F835, UniRef:UniRef100_Q6MKK0, UniRef:UniRef50_K7ZG04, UniRef:UniRef90_K7ZG04
contig_2	677737	678210	+	MJEBLD_03341	17.4	5.0		RefSeq:WP_011164814.1, SO:0001217, UniParc:UPI0000224FC8, UniRef:UniRef100_Q6MKJ5, UniRef:UniRef50_Q6MKJ5, UniRef:UniRef90_Q6MKJ5
contig_2	681378	682091	-	MJEBLD_03346	25.5	5.3		RefSeq:WP_011164818.1, SO:0001217, UniParc:UPI0000224FCC, UniRef:UniRef100_Q6MKJ1, UniRef:UniRef50_Q6MKJ1, UniRef:UniRef90_Q6MKJ1
contig_2	706950	707579	-	MJEBLD_03368	24.4	5.6		RefSeq:WP_011164840.1, SO:0001217, UniParc:UPI0000224FE1, UniRef:UniRef100_Q6MKH0, UniRef:UniRef50_K7ZDV7, UniRef:UniRef90_Q6MKH0
contig_2	713244	716645	-	MJEBLD_03373	128.3	7.6		RefSeq:WP_011164846.1, SO:0001217, UniParc:UPI0000224FE7, UniRef:UniRef100_Q6MKG4, UniRef:UniRef50_Q6MKG4, UniRef:UniRef90_Q6MKG4
contig_2	716834	717886	-	MJEBLD_03374	39.8	9.5		RefSeq:WP_041583572.1, SO:0001217, UniParc:UPI00031D0203, UniRef:UniRef100_UPI00031D0203, UniRef:UniRef50_K7YZC7, UniRef:UniRef90_K7YZC7
contig_2	727973	728254	-	MJEBLD_03383	9.8	4.3		RefSeq:WP_011164856.1, SO:0001217, UniParc:UPI0000224FF1, UniRef:UniRef100_Q6MKF4, UniRef:UniRef50_Q6MKF4, UniRef:UniRef90_Q6MKF4
contig_2	732345	733622	-	MJEBLD_03386	46.8	9.4		RefSeq:WP_231839148.1, SO:0001217, UniParc:UPI001E3051EC, UniRef:UniRef100_Q6MKF1, UniRef:UniRef50_A0A514WXP2, UniRef:UniRef90_K7YQE3
contig_2	738818	739054	+	MJEBLD_03393	9.2	9.8		RefSeq:WP_011164866.1, SO:0001217, UniParc:UPI0000224FFB, UniRef:UniRef100_Q6MKE4, UniRef:UniRef50_A0A1Z3N796, UniRef:UniRef90_Q6MKE4
contig_2	739695	740732	-	MJEBLD_03395	38.9	8.8	PF13623.11|SurA_N_2, PF13624.11|SurA_N_3	PFAM:PF13623.11, PFAM:PF13624.11, RefSeq:WP_011164868.1, SO:0001217, UniParc:UPI0000224FFD, UniRef:UniRef100_Q6MKE2, UniRef:UniRef50_Q6MKE2, UniRef:UniRef90_Q6MKE2
contig_2	746882	747442	+	MJEBLD_03401	20.7	8.1		RefSeq:WP_011164874.1, SO:0001217, UniParc:UPI0000225003, UniRef:UniRef100_Q6MKD6, UniRef:UniRef50_K7YWM7, UniRef:UniRef90_K7YWM7
contig_2	748999	749697	-	MJEBLD_03404	27.3	5.3		SO:0001217, UniParc:UPI0000225006, UniRef:UniRef100_Q6MKD3, UniRef:UniRef50_K7YQF6, UniRef:UniRef90_K7YQF6
contig_2	757794	758045	-	MJEBLD_03413	9.5	6.6		RefSeq:WP_011164886.1, SO:0001217, UniParc:UPI000022500F, UniRef:UniRef100_Q6MKC4, UniRef:UniRef50_K7ZG35, UniRef:UniRef90_Q6MKC4
contig_2	761794	762519	-	MJEBLD_03417	25.8	5.0		RefSeq:WP_226988182.1, SO:0001217, UniParc:UPI00031DBBE2, UniRef:UniRef100_Q6MKC1, UniRef:UniRef50_K7ZG38, UniRef:UniRef90_K7ZG38
contig_2	770433	771260	+	MJEBLD_03424	31.2	6.3	PF00515.34|TPR_1, PF07719.23|TPR_2, PF12895.13|ANAPC3, PF13414.12|TPR_11, PF13428.12|TPR_14, PF14559.12|TPR_19, PF25058.1|ARM_TT21	PFAM:PF00515.34, PFAM:PF07719.23, PFAM:PF12895.13, PFAM:PF13414.12, PFAM:PF13428.12, PFAM:PF14559.12, PFAM:PF25058.1, RefSeq:WP_011164896.1, SO:0001217, UniParc:UPI0000225019, UniRef:UniRef100_Q6MKB5, UniRef:UniRef50_A0A514WXV6, UniRef:UniRef90_K7ZB55
contig_2	779808	780476	-	MJEBLD_03429	26.3	5.5		RefSeq:WP_157865701.1, SO:0001217, UniParc:UPI0002EA5D6E, UniRef:UniRef100_Q6MKB0, UniRef:UniRef50_Q6MKB0, UniRef:UniRef90_Q6MKB0
contig_2	792339	793988	+	MJEBLD_03440	61.6	9.2		RefSeq:WP_011164912.1, SO:0001217, UniParc:UPI0000225029, UniRef:UniRef100_Q6MKA0, UniRef:UniRef50_K7YZI0, UniRef:UniRef90_K7YZI0
contig_2	795756	796316	-	MJEBLD_03443	21.1	9.6		SO:0001217, UniRef:UniRef50_K7YWR8, UniRef:UniRef90_K7YWR8
contig_2	813891	815303	-	MJEBLD_03460	48.9	9.0		RefSeq:WP_011164932.1, SO:0001217, UniParc:UPI000022503D, UniRef:UniRef100_Q6MK80, UniRef:UniRef50_K7YZJ7, UniRef:UniRef90_K7YZJ7
contig_2	818244	819083	+	MJEBLD_03463	29.2	9.4		RefSeq:WP_226988188.1, SO:0001217, UniParc:UPI00045BE746, UniRef:UniRef100_Q6MK77, UniRef:UniRef50_Q6MK77, UniRef:UniRef90_Q6MK77
contig_2	821802	822470	+	MJEBLD_03466	24.1	5.6		RefSeq:WP_011164938.1, SO:0001217, UniParc:UPI0000225043, UniRef:UniRef100_Q6MK74, UniRef:UniRef50_K7YQK8, UniRef:UniRef90_K7YQK8
contig_2	841261	841527	-	MJEBLD_03478	9.4	4.4		RefSeq:WP_157865703.1, SO:0001217, UniParc:UPI0012FEA1DA, UniRef:UniRef100_Q6MK62, UniRef:UniRef50_Q6MK62, UniRef:UniRef90_Q6MK62
contig_2	842515	843588	+	MJEBLD_03480	40.3	6.1		RefSeq:WP_011164952.1, SO:0001217, UniParc:UPI0000225051, UniRef:UniRef100_Q6MK60, UniRef:UniRef50_Q6MK60, UniRef:UniRef90_Q6MK60
contig_2	849434	850114	+	MJEBLD_03489	25.6	6.2		RefSeq:WP_011164960.1, SO:0001217, UniParc:UPI0000225059, UniRef:UniRef100_Q6MK52, UniRef:UniRef50_Q6MK52, UniRef:UniRef90_Q6MK52
contig_2	853914	855233	+	MJEBLD_03492	48.3	8.7		RefSeq:WP_011164963.1, SO:0001217, UniParc:UPI000022505C, UniRef:UniRef100_Q6MK49, UniRef:UniRef50_Q6MK49, UniRef:UniRef90_Q6MK49
contig_2	863616	864026	+	MJEBLD_03500	15.0	7.8		RefSeq:WP_011164972.1, SO:0001217, UniParc:UPI0000225065, UniRef:UniRef100_Q6MK40, UniRef:UniRef50_Q6MK40, UniRef:UniRef90_Q6MK40
contig_2	868368	868589	+	MJEBLD_03504	7.0	9.8		RefSeq:WP_011164976.1, SO:0001217, UniParc:UPI0000225069, UniRef:UniRef100_Q6MK36, UniRef:UniRef50_Q6MK36, UniRef:UniRef90_Q6MK36
contig_2	884209	884502	-	MJEBLD_03512	10.6	5.0		RefSeq:WP_011164984.1, SO:0001217, UniParc:UPI0000225071, UniRef:UniRef100_Q6MK28, UniRef:UniRef50_Q6MK28, UniRef:UniRef90_Q6MK28
contig_2	884499	885230	-	MJEBLD_03513	26.2	8.7		RefSeq:WP_011164985.1, SO:0001217, UniParc:UPI0000225072, UniRef:UniRef100_Q6MK27, UniRef:UniRef50_K7ZB97, UniRef:UniRef90_K7ZB97
contig_2	886291	887283	+	MJEBLD_03515	38.3	6.9		RefSeq:WP_011164987.1, SO:0001217, UniParc:UPI0000225074, UniRef:UniRef100_Q6MK25, UniRef:UniRef50_Q6MK25, UniRef:UniRef90_Q6MK25
contig_2	892285	892422	-	MJEBLD_03521	4.3	5.8		RefSeq:WP_011164993.1, SO:0001217, UniParc:UPI000022507A, UniRef:UniRef100_Q6MK19, UniRef:UniRef50_Q6MK19, UniRef:UniRef90_Q6MK19
contig_2	918814	920079	-	MJEBLD_03548	47.2	6.8		RefSeq:WP_011165020.1, SO:0001217, UniParc:UPI0000225095, UniRef:UniRef100_Q6MJZ2, UniRef:UniRef50_K7YQR2, UniRef:UniRef90_Q6MJZ2
contig_2	923620	923973	+	MJEBLD_03553	13.9	8.5		RefSeq:WP_144313855.1, SO:0001217, UniParc:UPI000312FCE6, UniRef:UniRef100_Q6MJY7, UniRef:UniRef50_A0A162H3W6, UniRef:UniRef90_Q6MJY7
contig_2	924819	924962	-	MJEBLD_03555	5.1	10.7		
contig_2	957683	958477	-	MJEBLD_03581	29.3	7.7		RefSeq:WP_011165054.1, SO:0001217, UniParc:UPI00002250B7, UniRef:UniRef100_Q6MJV8, UniRef:UniRef50_Q6MJV8, UniRef:UniRef90_Q6MJV8
contig_2	959454	959960	-	MJEBLD_03584	18.2	5.7		RefSeq:WP_157865706.1, SO:0001217, UniParc:UPI0002E1B20A, UniRef:UniRef100_UPI0002E1B20A, UniRef:UniRef50_K7YX61, UniRef:UniRef90_Q6MJV5
contig_2	962630	963004	+	MJEBLD_03587	13.7	5.8		RefSeq:WP_041583590.1, SO:0001217, UniParc:UPI00059F354F, UniRef:UniRef100_UPI00059F354F, UniRef:UniRef50_UPI00045BEFDD, UniRef:UniRef90_UPI00045BEFDD
contig_2	968451	969032	-	MJEBLD_03593	21.9	7.1		RefSeq:WP_041583591.1, SO:0001217, UniParc:UPI00059F685F, UniRef:UniRef100_Q6MJU6, UniRef:UniRef50_Q6MJU6, UniRef:UniRef90_Q6MJU6
contig_2	969220	969534	+	MJEBLD_03594	11.6	9.8		SO:0001217, UniRef:UniRef50_UPI0012FF16A1, UniRef:UniRef90_UPI0012FF16A1
contig_2	974073	974726	-	MJEBLD_03599	25.0	7.8		RefSeq:WP_041583593.1, SO:0001217, UniParc:UPI00059F033E, UniRef:UniRef100_Q6MJU1, UniRef:UniRef50_Q6MJU1, UniRef:UniRef90_Q6MJU1
contig_2	976710	977792	-	MJEBLD_03601	42.1	8.7		
